policy,metric,escalation,n_common_seeds,a_median,b_median,median_abs_change,median_rel_change_pct,wilcoxon_stat,wilcoxon_p
dqn_core_only,ens,A_nominal -> B_moderate,30,30.0,50.0,20.0,66.66666666666666,0.0,4.320463057827488e-08
dqn_core_only,ens,A_nominal -> B_severe,30,30.0,80.0,50.0,166.66666666666669,0.0,6.79884997479191e-08
dqn_core_only,saidi,A_nominal -> B_moderate,30,0.0,0.0,0.0,,0.0,1.0
dqn_core_only,saidi,A_nominal -> B_severe,30,0.0,0.0,0.0,,0.0,1.0
dqn_core_only,saifi,A_nominal -> B_moderate,30,0.061224489795918366,0.10204081632653061,0.04081632653061225,66.66666666666667,0.0,4.320463057827488e-08
dqn_core_only,saifi,A_nominal -> B_severe,30,0.061224489795918366,0.16326530612244897,0.1020408163265306,166.66666666666666,0.0,6.79884997479191e-08
dqn_core_only,restoration_time_seconds,A_nominal -> B_moderate,30,0.0,0.0,0.0,,0.0,1.0
dqn_core_only,restoration_time_seconds,A_nominal -> B_severe,30,0.0,0.0,0.0,,0.0,1.0
dqn_core_only,critical_load_restored_pct,A_nominal -> B_moderate,30,100.0,0.0,-100.0,-100.0,0.0,1.8022101049184185e-05
dqn_core_only,critical_load_restored_pct,A_nominal -> B_severe,30,100.0,0.0,-100.0,-100.0,0.0,1.975565679194216e-07
dqn_core_only,voltage_violation_count,A_nominal -> B_moderate,30,0.0,2543.5,2543.5,,0.0,1.7343976283205784e-06
dqn_core_only,voltage_violation_count,A_nominal -> B_severe,30,0.0,5863.5,5844.0,,0.0,1.7343976283205784e-06
dqn_core_only,line_overload_count,A_nominal -> B_moderate,30,5.0,0.0,-5.0,,0.0,5.745590380959015e-05
dqn_core_only,line_overload_count,A_nominal -> B_severe,30,5.0,96.0,91.5,,0.0,1.7311263949197286e-06
dqn_core_only,switching_operations,A_nominal -> B_moderate,30,0.0,0.0,0.0,,0.0,1.0
dqn_core_only,switching_operations,A_nominal -> B_severe,30,0.0,0.0,0.0,,0.0,1.0
dqn_core_only,number_of_islands,A_nominal -> B_moderate,30,1.0,1.0,0.0,0.0,0.0,1.0
dqn_core_only,number_of_islands,A_nominal -> B_severe,30,1.0,1.0,0.0,0.0,0.0,1.0
dqn_core_only,isolated_nodes,A_nominal -> B_moderate,30,0.0,25.0,25.0,,0.0,1.7040659206732472e-06
dqn_core_only,isolated_nodes,A_nominal -> B_severe,30,0.0,38.0,38.0,,0.0,1.138930880390164e-06
dqn_core_only,actions_taken,A_nominal -> B_moderate,30,200.0,200.0,0.0,0.0,0.0,1.0
dqn_core_only,actions_taken,A_nominal -> B_severe,30,200.0,200.0,0.0,0.0,0.0,1.0
dqn_core_only,frequency_deviation_count,A_nominal -> B_moderate,30,9800.0,8158.5,-1543.5,-15.75,0.0,1.7289484360195754e-06
dqn_core_only,frequency_deviation_count,A_nominal -> B_severe,30,9800.0,9800.0,0.0,0.0,18.0,0.016858470670592964
dqn_core_only,average_voltage_pu,A_nominal -> B_moderate,30,0.961428571428572,0.47561224489795917,-0.4761224489795923,-50.02150972667313,0.0,1.7300371292901245e-06
dqn_core_only,average_voltage_pu,A_nominal -> B_severe,30,0.961428571428572,0.22204081632653058,-0.7200000000000005,-76.42980935875218,0.0,1.3877325930952065e-06
dqn_core_only,minimum_voltage_pu,A_nominal -> B_moderate,30,0.95,0.0,-0.95,,0.0,9.633570086430965e-07
dqn_core_only,minimum_voltage_pu,A_nominal -> B_severe,30,0.95,0.0,-0.95,,0.0,9.633570086430965e-07
dqn_core_only,maximum_voltage_pu,A_nominal -> B_moderate,30,1.0,1.0,0.0,0.0,0.0,1.0
dqn_core_only,maximum_voltage_pu,A_nominal -> B_severe,30,1.0,1.0,0.0,0.0,0.0,1.0
dqn_core_only,successful_restoration_count,A_nominal -> B_moderate,30,0.0,0.0,0.0,,0.0,1.0
dqn_core_only,successful_restoration_count,A_nominal -> B_severe,30,0.0,0.0,0.0,,0.0,1.0
dqn_core_only,controller_runtime_s,A_nominal -> B_moderate,30,0.11649999999999999,0.12825,0.017550000000000003,15.590590447965347,41.0,8.187753439649276e-05
dqn_core_only,controller_runtime_s,A_nominal -> B_severe,30,0.11649999999999999,0.1212,0.004750000000000004,3.943893006462709,171.0,0.2058642413320536
dqn_core_only,runtime_s,A_nominal -> B_moderate,30,1.3659,0.823,-0.5448,-39.00536945805411,0.0,1.7343976283205784e-06
dqn_core_only,runtime_s,A_nominal -> B_severe,30,1.3659,0.7281500000000001,-0.6407499999999999,-46.65963901312729,0.0,1.7343976283205784e-06
full_stack,ens,A_nominal -> B_moderate,30,30.0,50.0,20.0,66.66666666666666,0.0,4.320463057827488e-08
full_stack,ens,A_nominal -> B_severe,30,30.0,80.0,50.0,166.66666666666669,0.0,6.79884997479191e-08
full_stack,saidi,A_nominal -> B_moderate,30,0.0,0.0,0.0,,0.0,1.0
full_stack,saidi,A_nominal -> B_severe,30,0.0,0.0,0.0,,0.0,1.0
full_stack,saifi,A_nominal -> B_moderate,30,0.061224489795918366,0.10204081632653061,0.04081632653061225,66.66666666666667,0.0,4.320463057827488e-08
full_stack,saifi,A_nominal -> B_severe,30,0.061224489795918366,0.16326530612244897,0.1020408163265306,166.66666666666666,0.0,6.79884997479191e-08
full_stack,restoration_time_seconds,A_nominal -> B_moderate,30,0.0,0.0,0.0,,0.0,1.0
full_stack,restoration_time_seconds,A_nominal -> B_severe,30,0.0,0.0,0.0,,0.0,1.0
full_stack,critical_load_restored_pct,A_nominal -> B_moderate,30,100.0,0.0,-100.0,-100.0,0.0,1.8022101049184185e-05
full_stack,critical_load_restored_pct,A_nominal -> B_severe,30,100.0,0.0,-100.0,-100.0,0.0,1.975565679194216e-07
full_stack,voltage_violation_count,A_nominal -> B_moderate,30,0.0,2543.5,2543.5,,0.0,1.7343976283205784e-06
full_stack,voltage_violation_count,A_nominal -> B_severe,30,0.0,5863.5,5844.0,,0.0,1.7343976283205784e-06
full_stack,line_overload_count,A_nominal -> B_moderate,30,5.0,0.0,-5.0,,0.0,5.745590380959015e-05
full_stack,line_overload_count,A_nominal -> B_severe,30,5.0,96.0,91.5,,0.0,1.7311263949197286e-06
full_stack,switching_operations,A_nominal -> B_moderate,30,0.0,0.0,0.0,,0.0,1.0
full_stack,switching_operations,A_nominal -> B_severe,30,0.0,0.0,0.0,,0.0,1.0
full_stack,number_of_islands,A_nominal -> B_moderate,30,1.0,1.0,0.0,0.0,0.0,1.0
full_stack,number_of_islands,A_nominal -> B_severe,30,1.0,1.0,0.0,0.0,0.0,1.0
full_stack,isolated_nodes,A_nominal -> B_moderate,30,0.0,25.0,25.0,,0.0,1.7040659206732472e-06
full_stack,isolated_nodes,A_nominal -> B_severe,30,0.0,38.0,38.0,,0.0,1.138930880390164e-06
full_stack,actions_taken,A_nominal -> B_moderate,30,200.0,200.0,0.0,0.0,0.0,1.0
full_stack,actions_taken,A_nominal -> B_severe,30,200.0,200.0,0.0,0.0,0.0,1.0
full_stack,frequency_deviation_count,A_nominal -> B_moderate,30,9800.0,8158.5,-1543.5,-15.75,0.0,1.7289484360195754e-06
full_stack,frequency_deviation_count,A_nominal -> B_severe,30,9800.0,9800.0,0.0,0.0,18.0,0.016858470670592964
full_stack,average_voltage_pu,A_nominal -> B_moderate,30,0.961428571428572,0.47561224489795917,-0.4761224489795923,-50.02150972667313,0.0,1.7300371292901245e-06
full_stack,average_voltage_pu,A_nominal -> B_severe,30,0.961428571428572,0.22204081632653058,-0.7200000000000005,-76.42980935875218,0.0,1.3877325930952065e-06
full_stack,minimum_voltage_pu,A_nominal -> B_moderate,30,0.95,0.0,-0.95,,0.0,9.633570086430965e-07
full_stack,minimum_voltage_pu,A_nominal -> B_severe,30,0.95,0.0,-0.95,,0.0,9.633570086430965e-07
full_stack,maximum_voltage_pu,A_nominal -> B_moderate,30,1.0,1.0,0.0,0.0,0.0,1.0
full_stack,maximum_voltage_pu,A_nominal -> B_severe,30,1.0,1.0,0.0,0.0,0.0,1.0
full_stack,successful_restoration_count,A_nominal -> B_moderate,30,0.0,0.0,0.0,,0.0,1.0
full_stack,successful_restoration_count,A_nominal -> B_severe,30,0.0,0.0,0.0,,0.0,1.0
full_stack,controller_runtime_s,A_nominal -> B_moderate,30,0.11405,0.4118,0.29405000000000003,261.24189429672833,0.0,1.7343976283205784e-06
full_stack,controller_runtime_s,A_nominal -> B_severe,30,0.11405,0.3516,0.23764999999999997,215.39940465535645,0.0,1.733306644199106e-06
full_stack,runtime_s,A_nominal -> B_moderate,30,1.5944500000000001,1.29735,-0.2805000000000001,-17.137154959381895,39.0,6.892290296834954e-05
full_stack,runtime_s,A_nominal -> B_severe,30,1.5944500000000001,1.12705,-0.44325000000000003,-28.323464779968702,26.0,2.1630223983536902e-05
no_lstm,ens,A_nominal -> B_moderate,30,30.0,50.0,20.0,66.66666666666666,0.0,4.320463057827488e-08
no_lstm,ens,A_nominal -> B_severe,30,30.0,80.0,50.0,166.66666666666669,0.0,6.79884997479191e-08
no_lstm,saidi,A_nominal -> B_moderate,30,0.0,0.0,0.0,,0.0,1.0
no_lstm,saidi,A_nominal -> B_severe,30,0.0,0.0,0.0,,0.0,1.0
no_lstm,saifi,A_nominal -> B_moderate,30,0.061224489795918366,0.10204081632653061,0.04081632653061225,66.66666666666667,0.0,4.320463057827488e-08
no_lstm,saifi,A_nominal -> B_severe,30,0.061224489795918366,0.16326530612244897,0.1020408163265306,166.66666666666666,0.0,6.79884997479191e-08
no_lstm,restoration_time_seconds,A_nominal -> B_moderate,30,0.0,0.0,0.0,,0.0,1.0
no_lstm,restoration_time_seconds,A_nominal -> B_severe,30,0.0,0.0,0.0,,0.0,1.0
no_lstm,critical_load_restored_pct,A_nominal -> B_moderate,30,100.0,0.0,-100.0,-100.0,0.0,1.8022101049184185e-05
no_lstm,critical_load_restored_pct,A_nominal -> B_severe,30,100.0,0.0,-100.0,-100.0,0.0,1.975565679194216e-07
no_lstm,voltage_violation_count,A_nominal -> B_moderate,30,0.0,2543.5,2543.5,,0.0,1.7343976283205784e-06
no_lstm,voltage_violation_count,A_nominal -> B_severe,30,0.0,5863.5,5844.0,,0.0,1.7343976283205784e-06
no_lstm,line_overload_count,A_nominal -> B_moderate,30,5.0,0.0,-5.0,,0.0,5.745590380959015e-05
no_lstm,line_overload_count,A_nominal -> B_severe,30,5.0,96.0,91.5,,0.0,1.7311263949197286e-06
no_lstm,switching_operations,A_nominal -> B_moderate,30,0.0,0.0,0.0,,0.0,1.0
no_lstm,switching_operations,A_nominal -> B_severe,30,0.0,0.0,0.0,,0.0,1.0
no_lstm,number_of_islands,A_nominal -> B_moderate,30,1.0,1.0,0.0,0.0,0.0,1.0
no_lstm,number_of_islands,A_nominal -> B_severe,30,1.0,1.0,0.0,0.0,0.0,1.0
no_lstm,isolated_nodes,A_nominal -> B_moderate,30,0.0,25.0,25.0,,0.0,1.7040659206732472e-06
no_lstm,isolated_nodes,A_nominal -> B_severe,30,0.0,38.0,38.0,,0.0,1.138930880390164e-06
no_lstm,actions_taken,A_nominal -> B_moderate,30,200.0,200.0,0.0,0.0,0.0,1.0
no_lstm,actions_taken,A_nominal -> B_severe,30,200.0,200.0,0.0,0.0,0.0,1.0
no_lstm,frequency_deviation_count,A_nominal -> B_moderate,30,9800.0,8158.5,-1543.5,-15.75,0.0,1.7289484360195754e-06
no_lstm,frequency_deviation_count,A_nominal -> B_severe,30,9800.0,9800.0,0.0,0.0,18.0,0.016858470670592964
no_lstm,average_voltage_pu,A_nominal -> B_moderate,30,0.961428571428572,0.47561224489795917,-0.4761224489795923,-50.02150972667313,0.0,1.7300371292901245e-06
no_lstm,average_voltage_pu,A_nominal -> B_severe,30,0.961428571428572,0.22204081632653058,-0.7200000000000005,-76.42980935875218,0.0,1.3877325930952065e-06
no_lstm,minimum_voltage_pu,A_nominal -> B_moderate,30,0.95,0.0,-0.95,,0.0,9.633570086430965e-07
no_lstm,minimum_voltage_pu,A_nominal -> B_severe,30,0.95,0.0,-0.95,,0.0,9.633570086430965e-07
no_lstm,maximum_voltage_pu,A_nominal -> B_moderate,30,1.0,1.0,0.0,0.0,0.0,1.0
no_lstm,maximum_voltage_pu,A_nominal -> B_severe,30,1.0,1.0,0.0,0.0,0.0,1.0
no_lstm,successful_restoration_count,A_nominal -> B_moderate,30,0.0,0.0,0.0,,0.0,1.0
no_lstm,successful_restoration_count,A_nominal -> B_severe,30,0.0,0.0,0.0,,0.0,1.0
no_lstm,controller_runtime_s,A_nominal -> B_moderate,30,0.1159,0.14629999999999999,0.030349999999999995,27.53329229199599,3.0,2.351977194551935e-06
no_lstm,controller_runtime_s,A_nominal -> B_severe,30,0.1159,0.11835000000000001,0.006499999999999999,5.8844703602055475,123.0,0.024307541573261003
no_lstm,runtime_s,A_nominal -> B_moderate,30,1.4872999999999998,1.02495,-0.5441,-35.20999756474143,0.0,1.7343976283205784e-06
no_lstm,runtime_s,A_nominal -> B_severe,30,1.4872999999999998,0.76935,-0.71905,-48.07873095909985,0.0,1.7343976283205784e-06
no_predictive,ens,A_nominal -> B_moderate,30,30.0,50.0,20.0,66.66666666666666,0.0,4.320463057827488e-08
no_predictive,ens,A_nominal -> B_severe,30,30.0,80.0,50.0,166.66666666666669,0.0,6.79884997479191e-08
no_predictive,saidi,A_nominal -> B_moderate,30,0.0,0.0,0.0,,0.0,1.0
no_predictive,saidi,A_nominal -> B_severe,30,0.0,0.0,0.0,,0.0,1.0
no_predictive,saifi,A_nominal -> B_moderate,30,0.061224489795918366,0.10204081632653061,0.04081632653061225,66.66666666666667,0.0,4.320463057827488e-08
no_predictive,saifi,A_nominal -> B_severe,30,0.061224489795918366,0.16326530612244897,0.1020408163265306,166.66666666666666,0.0,6.79884997479191e-08
no_predictive,restoration_time_seconds,A_nominal -> B_moderate,30,0.0,0.0,0.0,,0.0,1.0
no_predictive,restoration_time_seconds,A_nominal -> B_severe,30,0.0,0.0,0.0,,0.0,1.0
no_predictive,critical_load_restored_pct,A_nominal -> B_moderate,30,100.0,0.0,-100.0,-100.0,0.0,1.8022101049184185e-05
no_predictive,critical_load_restored_pct,A_nominal -> B_severe,30,100.0,0.0,-100.0,-100.0,0.0,1.975565679194216e-07
no_predictive,voltage_violation_count,A_nominal -> B_moderate,30,0.0,2543.5,2543.5,,0.0,1.7343976283205784e-06
no_predictive,voltage_violation_count,A_nominal -> B_severe,30,0.0,5863.5,5844.0,,0.0,1.7343976283205784e-06
no_predictive,line_overload_count,A_nominal -> B_moderate,30,5.0,0.0,-5.0,,0.0,5.745590380959015e-05
no_predictive,line_overload_count,A_nominal -> B_severe,30,5.0,96.0,91.5,,0.0,1.7311263949197286e-06
no_predictive,switching_operations,A_nominal -> B_moderate,30,0.0,0.0,0.0,,0.0,1.0
no_predictive,switching_operations,A_nominal -> B_severe,30,0.0,0.0,0.0,,0.0,1.0
no_predictive,number_of_islands,A_nominal -> B_moderate,30,1.0,1.0,0.0,0.0,0.0,1.0
no_predictive,number_of_islands,A_nominal -> B_severe,30,1.0,1.0,0.0,0.0,0.0,1.0
no_predictive,isolated_nodes,A_nominal -> B_moderate,30,0.0,25.0,25.0,,0.0,1.7040659206732472e-06
no_predictive,isolated_nodes,A_nominal -> B_severe,30,0.0,38.0,38.0,,0.0,1.138930880390164e-06
no_predictive,actions_taken,A_nominal -> B_moderate,30,200.0,200.0,0.0,0.0,0.0,1.0
no_predictive,actions_taken,A_nominal -> B_severe,30,200.0,200.0,0.0,0.0,0.0,1.0
no_predictive,frequency_deviation_count,A_nominal -> B_moderate,30,9800.0,8158.5,-1543.5,-15.75,0.0,1.7289484360195754e-06
no_predictive,frequency_deviation_count,A_nominal -> B_severe,30,9800.0,9800.0,0.0,0.0,18.0,0.016858470670592964
no_predictive,average_voltage_pu,A_nominal -> B_moderate,30,0.961428571428572,0.47561224489795917,-0.4761224489795923,-50.02150972667313,0.0,1.7300371292901245e-06
no_predictive,average_voltage_pu,A_nominal -> B_severe,30,0.961428571428572,0.22204081632653058,-0.7200000000000005,-76.42980935875218,0.0,1.3877325930952065e-06
no_predictive,minimum_voltage_pu,A_nominal -> B_moderate,30,0.95,0.0,-0.95,,0.0,9.633570086430965e-07
no_predictive,minimum_voltage_pu,A_nominal -> B_severe,30,0.95,0.0,-0.95,,0.0,9.633570086430965e-07
no_predictive,maximum_voltage_pu,A_nominal -> B_moderate,30,1.0,1.0,0.0,0.0,0.0,1.0
no_predictive,maximum_voltage_pu,A_nominal -> B_severe,30,1.0,1.0,0.0,0.0,0.0,1.0
no_predictive,successful_restoration_count,A_nominal -> B_moderate,30,0.0,0.0,0.0,,0.0,1.0
no_predictive,successful_restoration_count,A_nominal -> B_severe,30,0.0,0.0,0.0,,0.0,1.0
no_predictive,controller_runtime_s,A_nominal -> B_moderate,30,0.1175,0.4071,0.2934,248.69394806735258,0.0,1.7343976283205784e-06
no_predictive,controller_runtime_s,A_nominal -> B_severe,30,0.1175,0.35455000000000003,0.23839999999999997,209.69644222109542,0.0,1.733306644199106e-06
no_predictive,runtime_s,A_nominal -> B_moderate,30,1.3464999999999998,1.283,-0.05059999999999998,-3.9351196452153614,164.0,0.1588554992851956
no_predictive,runtime_s,A_nominal -> B_severe,30,1.3464999999999998,1.1064,-0.22995,-17.282274135672644,2.0,2.1266360107314253e-06
no_reward,ens,A_nominal -> B_moderate,30,30.0,50.0,20.0,66.66666666666666,0.0,4.320463057827488e-08
no_reward,ens,A_nominal -> B_severe,30,30.0,80.0,50.0,166.66666666666669,0.0,6.79884997479191e-08
no_reward,saidi,A_nominal -> B_moderate,30,0.0,0.0,0.0,,0.0,1.0
no_reward,saidi,A_nominal -> B_severe,30,0.0,0.0,0.0,,0.0,1.0
no_reward,saifi,A_nominal -> B_moderate,30,0.061224489795918366,0.10204081632653061,0.04081632653061225,66.66666666666667,0.0,4.320463057827488e-08
no_reward,saifi,A_nominal -> B_severe,30,0.061224489795918366,0.16326530612244897,0.1020408163265306,166.66666666666666,0.0,6.79884997479191e-08
no_reward,restoration_time_seconds,A_nominal -> B_moderate,30,0.0,0.0,0.0,,0.0,1.0
no_reward,restoration_time_seconds,A_nominal -> B_severe,30,0.0,0.0,0.0,,0.0,1.0
no_reward,critical_load_restored_pct,A_nominal -> B_moderate,30,100.0,0.0,-100.0,-100.0,0.0,1.8022101049184185e-05
no_reward,critical_load_restored_pct,A_nominal -> B_severe,30,100.0,0.0,-100.0,-100.0,0.0,1.975565679194216e-07
no_reward,voltage_violation_count,A_nominal -> B_moderate,30,0.0,2543.5,2543.5,,0.0,1.7343976283205784e-06
no_reward,voltage_violation_count,A_nominal -> B_severe,30,0.0,5863.5,5844.0,,0.0,1.7343976283205784e-06
no_reward,line_overload_count,A_nominal -> B_moderate,30,5.0,0.0,-5.0,,0.0,5.745590380959015e-05
no_reward,line_overload_count,A_nominal -> B_severe,30,5.0,96.0,91.5,,0.0,1.7311263949197286e-06
no_reward,switching_operations,A_nominal -> B_moderate,30,0.0,0.0,0.0,,0.0,1.0
no_reward,switching_operations,A_nominal -> B_severe,30,0.0,0.0,0.0,,0.0,1.0
no_reward,number_of_islands,A_nominal -> B_moderate,30,1.0,1.0,0.0,0.0,0.0,1.0
no_reward,number_of_islands,A_nominal -> B_severe,30,1.0,1.0,0.0,0.0,0.0,1.0
no_reward,isolated_nodes,A_nominal -> B_moderate,30,0.0,25.0,25.0,,0.0,1.7040659206732472e-06
no_reward,isolated_nodes,A_nominal -> B_severe,30,0.0,38.0,38.0,,0.0,1.138930880390164e-06
no_reward,actions_taken,A_nominal -> B_moderate,30,200.0,200.0,0.0,0.0,0.0,1.0
no_reward,actions_taken,A_nominal -> B_severe,30,200.0,200.0,0.0,0.0,0.0,1.0
no_reward,frequency_deviation_count,A_nominal -> B_moderate,30,9800.0,8158.5,-1543.5,-15.75,0.0,1.7289484360195754e-06
no_reward,frequency_deviation_count,A_nominal -> B_severe,30,9800.0,9800.0,0.0,0.0,18.0,0.016858470670592964
no_reward,average_voltage_pu,A_nominal -> B_moderate,30,0.961428571428572,0.47561224489795917,-0.4761224489795923,-50.02150972667313,0.0,1.7300371292901245e-06
no_reward,average_voltage_pu,A_nominal -> B_severe,30,0.961428571428572,0.22204081632653058,-0.7200000000000005,-76.42980935875218,0.0,1.3877325930952065e-06
no_reward,minimum_voltage_pu,A_nominal -> B_moderate,30,0.95,0.0,-0.95,,0.0,9.633570086430965e-07
no_reward,minimum_voltage_pu,A_nominal -> B_severe,30,0.95,0.0,-0.95,,0.0,9.633570086430965e-07
no_reward,maximum_voltage_pu,A_nominal -> B_moderate,30,1.0,1.0,0.0,0.0,0.0,1.0
no_reward,maximum_voltage_pu,A_nominal -> B_severe,30,1.0,1.0,0.0,0.0,0.0,1.0
no_reward,successful_restoration_count,A_nominal -> B_moderate,30,0.0,0.0,0.0,,0.0,1.0
no_reward,successful_restoration_count,A_nominal -> B_severe,30,0.0,0.0,0.0,,0.0,1.0
no_reward,controller_runtime_s,A_nominal -> B_moderate,30,0.11795,0.3887,0.2713,234.63461900577454,0.0,1.7343976283205784e-06
no_reward,controller_runtime_s,A_nominal -> B_severe,30,0.11795,0.40769999999999995,0.28664999999999996,243.33113474783386,0.0,1.7343976283205784e-06
no_reward,runtime_s,A_nominal -> B_moderate,30,1.50365,1.25885,-0.26849999999999996,-17.075127081087956,6.0,3.1816794109698553e-06
no_reward,runtime_s,A_nominal -> B_severe,30,1.50365,1.2541,-0.26895,-18.007497964689755,3.0,2.3534209951215346e-06
no_twin,ens,A_nominal -> B_moderate,30,30.0,50.0,20.0,66.66666666666666,0.0,4.320463057827488e-08
no_twin,ens,A_nominal -> B_severe,30,30.0,80.0,50.0,166.66666666666669,0.0,6.79884997479191e-08
no_twin,saidi,A_nominal -> B_moderate,30,0.0,0.0,0.0,,0.0,1.0
no_twin,saidi,A_nominal -> B_severe,30,0.0,0.0,0.0,,0.0,1.0
no_twin,saifi,A_nominal -> B_moderate,30,0.061224489795918366,0.10204081632653061,0.04081632653061225,66.66666666666667,0.0,4.320463057827488e-08
no_twin,saifi,A_nominal -> B_severe,30,0.061224489795918366,0.16326530612244897,0.1020408163265306,166.66666666666666,0.0,6.79884997479191e-08
no_twin,restoration_time_seconds,A_nominal -> B_moderate,30,0.0,0.0,0.0,,0.0,1.0
no_twin,restoration_time_seconds,A_nominal -> B_severe,30,0.0,0.0,0.0,,0.0,1.0
no_twin,critical_load_restored_pct,A_nominal -> B_moderate,30,100.0,0.0,-100.0,-100.0,0.0,1.8022101049184185e-05
no_twin,critical_load_restored_pct,A_nominal -> B_severe,30,100.0,0.0,-100.0,-100.0,0.0,1.975565679194216e-07
no_twin,voltage_violation_count,A_nominal -> B_moderate,30,0.0,2543.5,2543.5,,0.0,1.7343976283205784e-06
no_twin,voltage_violation_count,A_nominal -> B_severe,30,0.0,5863.5,5844.0,,0.0,1.7343976283205784e-06
no_twin,line_overload_count,A_nominal -> B_moderate,30,5.0,0.0,-5.0,,0.0,5.745590380959015e-05
no_twin,line_overload_count,A_nominal -> B_severe,30,5.0,96.0,91.5,,0.0,1.7311263949197286e-06
no_twin,switching_operations,A_nominal -> B_moderate,30,0.0,0.0,0.0,,0.0,1.0
no_twin,switching_operations,A_nominal -> B_severe,30,0.0,0.0,0.0,,0.0,1.0
no_twin,number_of_islands,A_nominal -> B_moderate,30,1.0,1.0,0.0,0.0,0.0,1.0
no_twin,number_of_islands,A_nominal -> B_severe,30,1.0,1.0,0.0,0.0,0.0,1.0
no_twin,isolated_nodes,A_nominal -> B_moderate,30,0.0,25.0,25.0,,0.0,1.7040659206732472e-06
no_twin,isolated_nodes,A_nominal -> B_severe,30,0.0,38.0,38.0,,0.0,1.138930880390164e-06
no_twin,actions_taken,A_nominal -> B_moderate,30,200.0,200.0,0.0,0.0,0.0,1.0
no_twin,actions_taken,A_nominal -> B_severe,30,200.0,200.0,0.0,0.0,0.0,1.0
no_twin,frequency_deviation_count,A_nominal -> B_moderate,30,9800.0,8158.5,-1543.5,-15.75,0.0,1.7289484360195754e-06
no_twin,frequency_deviation_count,A_nominal -> B_severe,30,9800.0,9800.0,0.0,0.0,18.0,0.016858470670592964
no_twin,average_voltage_pu,A_nominal -> B_moderate,30,0.961428571428572,0.47561224489795917,-0.4761224489795923,-50.02150972667313,0.0,1.7300371292901245e-06
no_twin,average_voltage_pu,A_nominal -> B_severe,30,0.961428571428572,0.22204081632653058,-0.7200000000000005,-76.42980935875218,0.0,1.3877325930952065e-06
no_twin,minimum_voltage_pu,A_nominal -> B_moderate,30,0.95,0.0,-0.95,,0.0,9.633570086430965e-07
no_twin,minimum_voltage_pu,A_nominal -> B_severe,30,0.95,0.0,-0.95,,0.0,9.633570086430965e-07
no_twin,maximum_voltage_pu,A_nominal -> B_moderate,30,1.0,1.0,0.0,0.0,0.0,1.0
no_twin,maximum_voltage_pu,A_nominal -> B_severe,30,1.0,1.0,0.0,0.0,0.0,1.0
no_twin,successful_restoration_count,A_nominal -> B_moderate,30,0.0,0.0,0.0,,0.0,1.0
no_twin,successful_restoration_count,A_nominal -> B_severe,30,0.0,0.0,0.0,,0.0,1.0
no_twin,controller_runtime_s,A_nominal -> B_moderate,30,0.11660000000000001,0.36975,0.25505,225.3265550021621,0.0,1.733306644199106e-06
no_twin,controller_runtime_s,A_nominal -> B_severe,30,0.11660000000000001,0.36345000000000005,0.2476,209.0961293100446,0.0,1.7343976283205784e-06
no_twin,runtime_s,A_nominal -> B_moderate,30,1.5163,1.12405,-0.37570000000000003,-24.350518681001468,1.0,1.9209211049031396e-06
no_twin,runtime_s,A_nominal -> B_severe,30,1.5163,1.0704,-0.42555,-28.946803004111608,0.0,1.7343976283205784e-06
persistence,ens,A_nominal -> B_moderate,30,30.0,50.0,20.0,66.66666666666666,0.0,4.320463057827488e-08
persistence,ens,A_nominal -> B_severe,30,30.0,80.0,50.0,166.66666666666669,0.0,6.79884997479191e-08
persistence,saidi,A_nominal -> B_moderate,30,0.0,0.0,0.0,,0.0,1.0
persistence,saidi,A_nominal -> B_severe,30,0.0,0.0,0.0,,0.0,1.0
persistence,saifi,A_nominal -> B_moderate,30,0.061224489795918366,0.10204081632653061,0.04081632653061225,66.66666666666667,0.0,4.320463057827488e-08
persistence,saifi,A_nominal -> B_severe,30,0.061224489795918366,0.16326530612244897,0.1020408163265306,166.66666666666666,0.0,6.79884997479191e-08
persistence,restoration_time_seconds,A_nominal -> B_moderate,30,0.0,0.0,0.0,,0.0,1.0
persistence,restoration_time_seconds,A_nominal -> B_severe,30,0.0,0.0,0.0,,0.0,1.0
persistence,critical_load_restored_pct,A_nominal -> B_moderate,30,100.0,0.0,-100.0,-100.0,0.0,3.1253674655407795e-06
persistence,critical_load_restored_pct,A_nominal -> B_severe,30,100.0,0.0,-100.0,-100.0,0.0,2.604811871305236e-07
persistence,voltage_violation_count,A_nominal -> B_moderate,30,0.0,2592.0,2592.0,,0.0,1.7343976283205784e-06
persistence,voltage_violation_count,A_nominal -> B_severe,30,0.0,5887.0,5854.0,,0.0,1.7343976283205784e-06
persistence,line_overload_count,A_nominal -> B_moderate,30,5.0,0.0,-4.5,,0.0,3.944654323087218e-05
persistence,line_overload_count,A_nominal -> B_severe,30,5.0,101.0,94.0,,0.0,1.7322162331441136e-06
persistence,switching_operations,A_nominal -> B_moderate,30,0.0,0.0,0.0,,0.0,1.0
persistence,switching_operations,A_nominal -> B_severe,30,0.0,0.0,0.0,,0.0,1.0
persistence,number_of_islands,A_nominal -> B_moderate,30,1.0,1.0,0.0,0.0,0.0,1.0
persistence,number_of_islands,A_nominal -> B_severe,30,1.0,1.0,0.0,0.0,0.0,1.0
persistence,isolated_nodes,A_nominal -> B_moderate,30,0.0,25.0,25.0,,0.0,1.6912029309011076e-06
persistence,isolated_nodes,A_nominal -> B_severe,30,0.0,38.0,38.0,,0.0,1.0701577435966353e-06
persistence,actions_taken,A_nominal -> B_moderate,30,0.0,0.0,0.0,,0.0,1.0
persistence,actions_taken,A_nominal -> B_severe,30,0.0,0.0,0.0,,0.0,1.0
persistence,frequency_deviation_count,A_nominal -> B_moderate,30,9800.0,6051.5,-3650.5,-37.78172588832487,1.0,1.9125459359395884e-06
persistence,frequency_deviation_count,A_nominal -> B_severe,30,9800.0,9800.0,0.0,0.0,6.0,0.0033427570833856448
persistence,average_voltage_pu,A_nominal -> B_moderate,30,0.961428571428572,0.4755102040816327,-0.4859183673469393,-50.541286351093206,0.0,1.7256857880058036e-06
persistence,average_voltage_pu,A_nominal -> B_severe,30,0.961428571428572,0.22204081632653058,-0.7200000000000005,-76.42980935875218,0.0,1.3377896675281704e-06
persistence,minimum_voltage_pu,A_nominal -> B_moderate,30,0.95,0.0,-0.95,,0.0,9.633570086430965e-07
persistence,minimum_voltage_pu,A_nominal -> B_severe,30,0.95,0.0,-0.95,,0.0,9.633570086430965e-07
persistence,maximum_voltage_pu,A_nominal -> B_moderate,30,1.0,1.0,0.0,0.0,0.0,1.0
persistence,maximum_voltage_pu,A_nominal -> B_severe,30,1.0,1.0,0.0,0.0,0.0,1.0
persistence,successful_restoration_count,A_nominal -> B_moderate,30,0.0,0.0,0.0,,0.0,1.0
persistence,successful_restoration_count,A_nominal -> B_severe,30,0.0,0.0,0.0,,0.0,1.0
persistence,controller_runtime_s,A_nominal -> B_moderate,30,0.0,0.0004,0.0004,,140.0,0.05285078469679985
persistence,controller_runtime_s,A_nominal -> B_severe,30,0.0,0.0005,0.00045,,63.0,0.00043433082136601223
persistence,runtime_s,A_nominal -> B_moderate,30,1.13715,0.55425,-0.56795,-50.391077526770815,0.0,1.7343976283205784e-06
persistence,runtime_s,A_nominal -> B_severe,30,1.13715,0.55325,-0.56515,-50.28729134824625,0.0,1.7343976283205784e-06
random,ens,A_nominal -> B_moderate,30,30.0,50.0,20.0,66.66666666666666,0.0,4.320463057827488e-08
random,ens,A_nominal -> B_severe,30,30.0,80.0,50.0,166.66666666666669,0.0,6.79884997479191e-08
random,saidi,A_nominal -> B_moderate,30,0.0,0.0,0.0,,0.0,1.0
random,saidi,A_nominal -> B_severe,30,0.0,0.0,0.0,,0.0,1.0
random,saifi,A_nominal -> B_moderate,30,0.061224489795918366,0.10204081632653061,0.04081632653061225,66.66666666666667,0.0,4.320463057827488e-08
random,saifi,A_nominal -> B_severe,30,0.061224489795918366,0.16326530612244897,0.1020408163265306,166.66666666666666,0.0,6.79884997479191e-08
random,restoration_time_seconds,A_nominal -> B_moderate,30,0.0,0.0,0.0,,0.0,1.0
random,restoration_time_seconds,A_nominal -> B_severe,30,0.0,0.0,0.0,,0.0,1.0
random,critical_load_restored_pct,A_nominal -> B_moderate,30,100.0,0.0,-100.0,-100.0,0.0,3.1253674655407795e-06
random,critical_load_restored_pct,A_nominal -> B_severe,30,100.0,0.0,-100.0,-100.0,0.0,2.604811871305236e-07
random,voltage_violation_count,A_nominal -> B_moderate,30,0.0,2592.0,2592.0,,0.0,1.7343976283205784e-06
random,voltage_violation_count,A_nominal -> B_severe,30,0.0,5887.0,5854.0,,0.0,1.7343976283205784e-06
random,line_overload_count,A_nominal -> B_moderate,30,5.0,0.0,-4.5,,0.0,3.944654323087218e-05
random,line_overload_count,A_nominal -> B_severe,30,5.0,101.0,94.0,,0.0,1.7322162331441136e-06
random,switching_operations,A_nominal -> B_moderate,30,0.0,0.0,0.0,,0.0,1.0
random,switching_operations,A_nominal -> B_severe,30,0.0,0.0,0.0,,0.0,1.0
random,number_of_islands,A_nominal -> B_moderate,30,1.0,1.0,0.0,0.0,0.0,1.0
random,number_of_islands,A_nominal -> B_severe,30,1.0,1.0,0.0,0.0,0.0,1.0
random,isolated_nodes,A_nominal -> B_moderate,30,0.0,25.0,25.0,,0.0,1.6912029309011076e-06
random,isolated_nodes,A_nominal -> B_severe,30,0.0,38.0,38.0,,0.0,1.0701577435966353e-06
random,actions_taken,A_nominal -> B_moderate,30,200.0,200.0,0.0,0.0,0.0,1.0
random,actions_taken,A_nominal -> B_severe,30,200.0,200.0,0.0,0.0,0.0,1.0
random,frequency_deviation_count,A_nominal -> B_moderate,30,9800.0,6051.5,-3650.5,-37.78172588832487,1.0,1.9125459359395884e-06
random,frequency_deviation_count,A_nominal -> B_severe,30,9800.0,9800.0,0.0,0.0,6.0,0.0033427570833856448
random,average_voltage_pu,A_nominal -> B_moderate,30,0.961428571428572,0.4755102040816327,-0.4859183673469393,-50.541286351093206,0.0,1.7256857880058036e-06
random,average_voltage_pu,A_nominal -> B_severe,30,0.961428571428572,0.22204081632653058,-0.7200000000000005,-76.42980935875218,0.0,1.3377896675281704e-06
random,minimum_voltage_pu,A_nominal -> B_moderate,30,0.95,0.0,-0.95,,0.0,9.633570086430965e-07
random,minimum_voltage_pu,A_nominal -> B_severe,30,0.95,0.0,-0.95,,0.0,9.633570086430965e-07
random,maximum_voltage_pu,A_nominal -> B_moderate,30,1.0,1.0,0.0,0.0,0.0,1.0
random,maximum_voltage_pu,A_nominal -> B_severe,30,1.0,1.0,0.0,0.0,0.0,1.0
random,successful_restoration_count,A_nominal -> B_moderate,30,0.0,0.0,0.0,,0.0,1.0
random,successful_restoration_count,A_nominal -> B_severe,30,0.0,0.0,0.0,,0.0,1.0
random,controller_runtime_s,A_nominal -> B_moderate,30,0.001,0.0011,-5.000000000000002e-05,,208.5,0.8451891081426084
random,controller_runtime_s,A_nominal -> B_severe,30,0.001,0.0013,0.00019999999999999998,,161.5,0.2257712090632139
random,runtime_s,A_nominal -> B_moderate,30,1.0296500000000002,0.57185,-0.46365,-44.75326405810124,0.0,1.7343976283205784e-06
random,runtime_s,A_nominal -> B_severe,30,1.0296500000000002,0.5239,-0.49585,-48.73190476541734,28.0,2.5967125848447383e-05
rule_based,ens,A_nominal -> B_moderate,30,30.0,50.0,20.0,66.66666666666666,0.0,4.320463057827488e-08
rule_based,ens,A_nominal -> B_severe,30,30.0,80.0,50.0,166.66666666666669,0.0,6.79884997479191e-08
rule_based,saidi,A_nominal -> B_moderate,30,0.0,0.0,0.0,,0.0,1.0
rule_based,saidi,A_nominal -> B_severe,30,0.0,0.0,0.0,,0.0,1.0
rule_based,saifi,A_nominal -> B_moderate,30,0.061224489795918366,0.10204081632653061,0.04081632653061225,66.66666666666667,0.0,4.320463057827488e-08
rule_based,saifi,A_nominal -> B_severe,30,0.061224489795918366,0.16326530612244897,0.1020408163265306,166.66666666666666,0.0,6.79884997479191e-08
rule_based,restoration_time_seconds,A_nominal -> B_moderate,30,0.0,0.0,0.0,,0.0,1.0
rule_based,restoration_time_seconds,A_nominal -> B_severe,30,0.0,0.0,0.0,,0.0,1.0
rule_based,critical_load_restored_pct,A_nominal -> B_moderate,30,100.0,0.0,-100.0,-100.0,2.0,6.816717830689664e-06
rule_based,critical_load_restored_pct,A_nominal -> B_severe,30,100.0,0.0,-100.0,-100.0,0.0,2.604811871305236e-07
rule_based,voltage_violation_count,A_nominal -> B_moderate,30,0.0,2502.0,2502.0,,0.0,1.7343976283205784e-06
rule_based,voltage_violation_count,A_nominal -> B_severe,30,0.0,5881.5,5854.0,,0.0,1.7343976283205784e-06
rule_based,line_overload_count,A_nominal -> B_moderate,30,5.0,0.0,-5.0,,4.5,4.7915037853615856e-05
rule_based,line_overload_count,A_nominal -> B_severe,30,5.0,97.0,91.0,,0.0,1.7300371292901245e-06
rule_based,switching_operations,A_nominal -> B_moderate,30,0.0,0.0,0.0,,0.0,1.0
rule_based,switching_operations,A_nominal -> B_severe,30,0.0,0.0,0.0,,0.0,1.0
rule_based,number_of_islands,A_nominal -> B_moderate,30,1.0,1.0,0.0,0.0,0.0,1.0
rule_based,number_of_islands,A_nominal -> B_severe,30,1.0,1.0,0.0,0.0,0.0,1.0
rule_based,isolated_nodes,A_nominal -> B_moderate,30,0.0,25.0,25.0,,0.0,1.705141514598868e-06
rule_based,isolated_nodes,A_nominal -> B_severe,30,0.0,38.0,38.0,,0.0,1.0506503128452984e-06
rule_based,actions_taken,A_nominal -> B_moderate,30,200.0,200.0,0.0,0.0,0.0,1.0
rule_based,actions_taken,A_nominal -> B_severe,30,200.0,200.0,0.0,0.0,0.0,1.0
rule_based,frequency_deviation_count,A_nominal -> B_moderate,30,9800.0,8158.5,-1568.0,-16.537688442211056,3.0,3.4942724887591023e-06
rule_based,frequency_deviation_count,A_nominal -> B_severe,30,9800.0,9800.0,0.0,0.0,18.0,0.01659300873808114
rule_based,average_voltage_pu,A_nominal -> B_moderate,30,0.961428571428572,0.47561224489795917,-0.4761224489795923,-50.02150972667313,0.0,1.7311263949197286e-06
rule_based,average_voltage_pu,A_nominal -> B_severe,30,0.961428571428572,0.22204081632653058,-0.7200000000000005,-76.42980935875218,0.0,1.3194537926662786e-06
rule_based,minimum_voltage_pu,A_nominal -> B_moderate,30,0.95,0.0,-0.95,,0.0,9.633570086430965e-07
rule_based,minimum_voltage_pu,A_nominal -> B_severe,30,0.95,0.0,-0.95,,0.0,9.633570086430965e-07
rule_based,maximum_voltage_pu,A_nominal -> B_moderate,30,1.0,1.0,0.0,0.0,0.0,1.0
rule_based,maximum_voltage_pu,A_nominal -> B_severe,30,1.0,1.0,0.0,0.0,0.0,1.0
rule_based,successful_restoration_count,A_nominal -> B_moderate,30,0.0,0.0,0.0,,0.0,1.0
rule_based,successful_restoration_count,A_nominal -> B_severe,30,0.0,0.0,0.0,,0.0,1.0
rule_based,controller_runtime_s,A_nominal -> B_moderate,30,0.00455,0.0038,-0.0006000000000000001,-13.317073170731707,143.5,0.10950005311088655
rule_based,controller_runtime_s,A_nominal -> B_severe,30,0.00455,0.0037,-0.0004500000000000001,-10.000000000000007,141.5,0.06121810479398233
rule_based,runtime_s,A_nominal -> B_moderate,30,1.20945,0.692,-0.50055,-42.19292447962302,0.0,1.7343976283205784e-06
rule_based,runtime_s,A_nominal -> B_severe,30,1.20945,0.62245,-0.5686,-47.03921202261702,0.0,1.7343976283205784e-06
