controller,scenario,ablation,metric,n,mean,median,std,min,max,ci95_low,ci95_high
random,A,full_stack,energy_not_served_mwh,10,0.587403,0.510274,0.441078,0.093767,1.638472,0.354038,0.870469
random,A,full_stack,total_customer_minutes_interrupted,10,172.7,163.5,90.320479,56.0,351.0,121.5,228.4025
random,A,full_stack,restoration_rate,10,0.491667,0.5,0.099184,0.375,0.666667,0.435,0.55167
random,A,full_stack,avg_restoration_steps,10,17.266667,15.333333,9.601296,5.666667,38.0,12.033125,23.366667
random,A,full_stack,critical_load_interruption_steps,10,31.5,22.0,21.940576,8.0,66.0,19.4,44.7
random,A,full_stack,voltage_violation_count,10,0.0,0.0,0.0,0.0,0.0,0.0,0.0
random,E,full_stack,energy_not_served_mwh,10,1.618428,1.781795,0.853806,0.462302,3.455573,1.134785,2.145475
random,E,full_stack,total_customer_minutes_interrupted,10,275.2,263.5,136.868794,87.0,496.0,196.0,357.7
random,E,full_stack,restoration_rate,10,0.574188,0.558442,0.084783,0.5,0.714286,0.525974,0.626786
random,E,full_stack,avg_restoration_steps,10,32.506667,30.625,8.675331,18.0,44.666667,27.47475,37.520042
random,E,full_stack,critical_load_interruption_steps,10,42.8,39.5,19.809089,14.0,72.0,31.4975,54.4
random,E,full_stack,voltage_violation_count,10,0.0,0.0,0.0,0.0,0.0,0.0,0.0
random,I,full_stack,energy_not_served_mwh,10,0.591934,0.511519,0.44473,0.093767,1.644011,0.35643,0.876689
random,I,full_stack,total_customer_minutes_interrupted,10,178.5,196.0,88.439873,56.0,351.0,126.4,232.005
random,I,full_stack,restoration_rate,10,0.471667,0.464286,0.094988,0.375,0.666667,0.419643,0.53131
random,I,full_stack,avg_restoration_steps,10,16.808333,15.5,8.227668,5.666667,30.5,12.108125,21.683333
random,I,full_stack,critical_load_interruption_steps,10,30.0,22.0,19.888579,8.0,66.0,19.0,41.9
random,I,full_stack,voltage_violation_count,10,0.0,0.0,0.0,0.0,0.0,0.0,0.0
random,J,full_stack,energy_not_served_mwh,10,2.019773,1.851818,0.594572,1.349649,3.311345,1.698555,2.397219
random,J,full_stack,total_customer_minutes_interrupted,10,3446.3,3480.5,822.620751,2116.0,4478.0,2955.49,3919.0175
random,J,full_stack,restoration_rate,10,0.085606,0.0,0.127771,0.0,0.333333,0.016667,0.166667
random,J,full_stack,avg_restoration_steps,10,8.2,0.0,14.193721,0.0,44.333333,1.733333,17.766667
random,J,full_stack,critical_load_interruption_steps,10,131.6,125.5,103.81201,16.0,295.0,72.1,195.1
random,J,full_stack,voltage_violation_count,10,0.0,0.0,0.0,0.0,0.0,0.0,0.0
rule_based,A,full_stack,energy_not_served_mwh,10,4.873287,4.463131,1.529593,2.778081,8.359008,4.058203,5.847754
rule_based,A,full_stack,total_customer_minutes_interrupted,10,394.7,394.5,60.468633,331.0,524.0,361.7,432.2
rule_based,A,full_stack,restoration_rate,10,0.378478,0.428571,0.243271,0.0,0.7,0.230556,0.515685
rule_based,A,full_stack,avg_restoration_steps,10,39.760952,44.828571,24.922679,0.0,69.0,24.545333,53.852619
rule_based,A,full_stack,critical_load_interruption_steps,10,75.7,80.0,7.008725,60.0,80.0,71.3,79.3
rule_based,A,full_stack,voltage_violation_count,10,0.0,0.0,0.0,0.0,0.0,0.0,0.0
rule_based,E,full_stack,energy_not_served_mwh,10,9.760764,9.565001,1.904121,6.692814,13.933722,8.694738,10.938113
rule_based,E,full_stack,total_customer_minutes_interrupted,10,595.5,585.0,101.919631,467.0,722.0,537.0,655.7
rule_based,E,full_stack,restoration_rate,10,0.155066,0.088462,0.18495,0.0,0.545455,0.054545,0.272339
rule_based,E,full_stack,avg_restoration_steps,10,21.6,10.0,26.642952,0.0,68.333333,7.033333,38.266667
rule_based,E,full_stack,critical_load_interruption_steps,10,80.0,80.0,0.0,80.0,80.0,80.0,80.0
rule_based,E,full_stack,voltage_violation_count,10,0.0,0.0,0.0,0.0,0.0,0.0,0.0
rule_based,I,full_stack,energy_not_served_mwh,10,4.873287,4.463131,1.529593,2.778081,8.359008,4.058203,5.847754
rule_based,I,full_stack,total_customer_minutes_interrupted,10,394.7,394.5,60.468633,331.0,524.0,361.7,432.2
rule_based,I,full_stack,restoration_rate,10,0.378478,0.428571,0.243271,0.0,0.7,0.230556,0.515685
rule_based,I,full_stack,avg_restoration_steps,10,39.760952,44.828571,24.922679,0.0,69.0,24.545333,53.852619
rule_based,I,full_stack,critical_load_interruption_steps,10,75.7,80.0,7.008725,60.0,80.0,71.3,79.3
rule_based,I,full_stack,voltage_violation_count,10,0.0,0.0,0.0,0.0,0.0,0.0,0.0
rule_based,J,full_stack,energy_not_served_mwh,10,44.227196,40.994991,10.406945,30.833073,59.580291,38.393502,50.47054
rule_based,J,full_stack,total_customer_minutes_interrupted,10,4245.9,4063.5,796.426665,3311.0,5736.0,3806.3875,4735.915
rule_based,J,full_stack,restoration_rate,10,0.082817,0.071429,0.093477,0.0,0.272727,0.030769,0.141161
rule_based,J,full_stack,avg_restoration_steps,10,156.466667,79.25,180.425762,0.0,475.0,56.3825,268.516667
rule_based,J,full_stack,critical_load_interruption_steps,10,326.5,345.5,145.300646,25.0,480.0,236.4,406.2
rule_based,J,full_stack,voltage_violation_count,10,0.0,0.0,0.0,0.0,0.0,0.0,0.0
trained_dqn,A,full_stack,energy_not_served_mwh,10,4.81474,4.463131,1.546081,2.778081,8.359008,3.994086,5.799207
trained_dqn,A,full_stack,total_customer_minutes_interrupted,10,382.9,372.0,57.314823,331.0,524.0,354.0,420.0
trained_dqn,A,full_stack,restoration_rate,10,0.385144,0.428571,0.246343,0.0,0.666667,0.235,0.523638
trained_dqn,A,full_stack,avg_restoration_steps,10,38.75381,43.4,25.136904,0.0,69.0,23.40381,53.200095
trained_dqn,A,full_stack,critical_load_interruption_steps,10,75.7,80.0,7.008725,60.0,80.0,71.3,79.3
trained_dqn,A,full_stack,voltage_violation_count,10,0.0,0.0,0.0,0.0,0.0,0.0,0.0
trained_dqn,A,no_ems,energy_not_served_mwh,10,4.81474,4.463131,1.546081,2.778081,8.359008,3.994086,5.799207
trained_dqn,A,no_ems,total_customer_minutes_interrupted,10,382.9,372.0,57.314823,331.0,524.0,354.0,420.0
trained_dqn,A,no_ems,restoration_rate,10,0.385144,0.428571,0.246343,0.0,0.666667,0.235,0.523638
trained_dqn,A,no_ems,avg_restoration_steps,10,38.75381,43.4,25.136904,0.0,69.0,23.40381,53.200095
trained_dqn,A,no_ems,critical_load_interruption_steps,10,75.7,80.0,7.008725,60.0,80.0,71.3,79.3
trained_dqn,A,no_ems,voltage_violation_count,10,0.0,0.0,0.0,0.0,0.0,0.0,0.0
trained_dqn,A,no_lstm,energy_not_served_mwh,10,4.81474,4.463131,1.546081,2.778081,8.359008,3.994086,5.799207
trained_dqn,A,no_lstm,total_customer_minutes_interrupted,10,382.9,372.0,57.314823,331.0,524.0,354.0,420.0
trained_dqn,A,no_lstm,restoration_rate,10,0.385144,0.428571,0.246343,0.0,0.666667,0.235,0.523638
trained_dqn,A,no_lstm,avg_restoration_steps,10,38.75381,43.4,25.136904,0.0,69.0,23.40381,53.200095
trained_dqn,A,no_lstm,critical_load_interruption_steps,10,75.7,80.0,7.008725,60.0,80.0,71.3,79.3
trained_dqn,A,no_lstm,voltage_violation_count,10,0.0,0.0,0.0,0.0,0.0,0.0,0.0
trained_dqn,A,no_predictive,energy_not_served_mwh,10,4.81474,4.463131,1.546081,2.778081,8.359008,3.994086,5.799207
trained_dqn,A,no_predictive,total_customer_minutes_interrupted,10,382.9,372.0,57.314823,331.0,524.0,354.0,420.0
trained_dqn,A,no_predictive,restoration_rate,10,0.385144,0.428571,0.246343,0.0,0.666667,0.235,0.523638
trained_dqn,A,no_predictive,avg_restoration_steps,10,38.75381,43.4,25.136904,0.0,69.0,23.40381,53.200095
trained_dqn,A,no_predictive,critical_load_interruption_steps,10,75.7,80.0,7.008725,60.0,80.0,71.3,79.3
trained_dqn,A,no_predictive,voltage_violation_count,10,0.0,0.0,0.0,0.0,0.0,0.0,0.0
trained_dqn,A,no_twin,energy_not_served_mwh,10,4.81474,4.463131,1.546081,2.778081,8.359008,3.994086,5.799207
trained_dqn,A,no_twin,total_customer_minutes_interrupted,10,382.9,372.0,57.314823,331.0,524.0,354.0,420.0
trained_dqn,A,no_twin,restoration_rate,10,0.385144,0.428571,0.246343,0.0,0.666667,0.235,0.523638
trained_dqn,A,no_twin,avg_restoration_steps,10,38.75381,43.4,25.136904,0.0,69.0,23.40381,53.200095
trained_dqn,A,no_twin,critical_load_interruption_steps,10,75.7,80.0,7.008725,60.0,80.0,71.3,79.3
trained_dqn,A,no_twin,voltage_violation_count,10,0.0,0.0,0.0,0.0,0.0,0.0,0.0
trained_dqn,E,full_stack,energy_not_served_mwh,10,9.61824,9.565001,1.945229,6.692814,13.933722,8.545719,10.823544
trained_dqn,E,full_stack,total_customer_minutes_interrupted,10,585.6,581.0,98.880624,467.0,722.0,528.6,644.5
trained_dqn,E,full_stack,restoration_rate,10,0.208632,0.211111,0.161049,0.0,0.545455,0.119192,0.306713
trained_dqn,E,full_stack,avg_restoration_steps,10,21.916667,20.75,21.250309,0.0,68.333333,10.616667,35.417083
trained_dqn,E,full_stack,critical_load_interruption_steps,10,80.0,80.0,0.0,80.0,80.0,80.0,80.0
trained_dqn,E,full_stack,voltage_violation_count,10,0.0,0.0,0.0,0.0,0.0,0.0,0.0
trained_dqn,E,no_ems,energy_not_served_mwh,10,9.61824,9.565001,1.945229,6.692814,13.933722,8.545719,10.823544
trained_dqn,E,no_ems,total_customer_minutes_interrupted,10,585.6,581.0,98.880624,467.0,722.0,528.6,644.5
trained_dqn,E,no_ems,restoration_rate,10,0.208632,0.211111,0.161049,0.0,0.545455,0.119192,0.306713
trained_dqn,E,no_ems,avg_restoration_steps,10,21.916667,20.75,21.250309,0.0,68.333333,10.616667,35.417083
trained_dqn,E,no_ems,critical_load_interruption_steps,10,80.0,80.0,0.0,80.0,80.0,80.0,80.0
trained_dqn,E,no_ems,voltage_violation_count,10,0.0,0.0,0.0,0.0,0.0,0.0,0.0
trained_dqn,E,no_lstm,energy_not_served_mwh,10,9.61824,9.565001,1.945229,6.692814,13.933722,8.545719,10.823544
trained_dqn,E,no_lstm,total_customer_minutes_interrupted,10,585.6,581.0,98.880624,467.0,722.0,528.6,644.5
trained_dqn,E,no_lstm,restoration_rate,10,0.208632,0.211111,0.161049,0.0,0.545455,0.119192,0.306713
trained_dqn,E,no_lstm,avg_restoration_steps,10,21.916667,20.75,21.250309,0.0,68.333333,10.616667,35.417083
trained_dqn,E,no_lstm,critical_load_interruption_steps,10,80.0,80.0,0.0,80.0,80.0,80.0,80.0
trained_dqn,E,no_lstm,voltage_violation_count,10,0.0,0.0,0.0,0.0,0.0,0.0,0.0
trained_dqn,E,no_predictive,energy_not_served_mwh,10,9.61824,9.565001,1.945229,6.692814,13.933722,8.545719,10.823544
trained_dqn,E,no_predictive,total_customer_minutes_interrupted,10,585.6,581.0,98.880624,467.0,722.0,528.6,644.5
trained_dqn,E,no_predictive,restoration_rate,10,0.208632,0.211111,0.161049,0.0,0.545455,0.119192,0.306713
trained_dqn,E,no_predictive,avg_restoration_steps,10,21.916667,20.75,21.250309,0.0,68.333333,10.616667,35.417083
trained_dqn,E,no_predictive,critical_load_interruption_steps,10,80.0,80.0,0.0,80.0,80.0,80.0,80.0
trained_dqn,E,no_predictive,voltage_violation_count,10,0.0,0.0,0.0,0.0,0.0,0.0,0.0
trained_dqn,E,no_twin,energy_not_served_mwh,10,9.61824,9.565001,1.945229,6.692814,13.933722,8.545719,10.823544
trained_dqn,E,no_twin,total_customer_minutes_interrupted,10,585.6,581.0,98.880624,467.0,722.0,528.6,644.5
trained_dqn,E,no_twin,restoration_rate,10,0.208632,0.211111,0.161049,0.0,0.545455,0.119192,0.306713
trained_dqn,E,no_twin,avg_restoration_steps,10,21.916667,20.75,21.250309,0.0,68.333333,10.616667,35.417083
trained_dqn,E,no_twin,critical_load_interruption_steps,10,80.0,80.0,0.0,80.0,80.0,80.0,80.0
trained_dqn,E,no_twin,voltage_violation_count,10,0.0,0.0,0.0,0.0,0.0,0.0,0.0
trained_dqn,I,full_stack,energy_not_served_mwh,10,4.842225,4.463131,1.532445,2.778081,8.359008,4.028816,5.818298
trained_dqn,I,full_stack,total_customer_minutes_interrupted,10,389.5,388.0,58.397584,331.0,524.0,358.6,426.7
trained_dqn,I,full_stack,restoration_rate,10,0.378478,0.428571,0.243271,0.0,0.7,0.230556,0.515685
trained_dqn,I,full_stack,avg_restoration_steps,10,38.985714,42.642857,24.9543,0.0,69.0,23.775595,53.224048
trained_dqn,I,full_stack,critical_load_interruption_steps,10,75.7,80.0,7.008725,60.0,80.0,71.3,79.3
trained_dqn,I,full_stack,voltage_violation_count,10,0.0,0.0,0.0,0.0,0.0,0.0,0.0
trained_dqn,I,no_ems,energy_not_served_mwh,10,4.842225,4.463131,1.532445,2.778081,8.359008,4.028816,5.818298
trained_dqn,I,no_ems,total_customer_minutes_interrupted,10,389.5,388.0,58.397584,331.0,524.0,358.6,426.7
trained_dqn,I,no_ems,restoration_rate,10,0.378478,0.428571,0.243271,0.0,0.7,0.230556,0.515685
trained_dqn,I,no_ems,avg_restoration_steps,10,38.985714,42.642857,24.9543,0.0,69.0,23.775595,53.224048
trained_dqn,I,no_ems,critical_load_interruption_steps,10,75.7,80.0,7.008725,60.0,80.0,71.3,79.3
trained_dqn,I,no_ems,voltage_violation_count,10,0.0,0.0,0.0,0.0,0.0,0.0,0.0
trained_dqn,I,no_lstm,energy_not_served_mwh,10,4.842225,4.463131,1.532445,2.778081,8.359008,4.028816,5.818298
trained_dqn,I,no_lstm,total_customer_minutes_interrupted,10,389.5,388.0,58.397584,331.0,524.0,358.6,426.7
trained_dqn,I,no_lstm,restoration_rate,10,0.378478,0.428571,0.243271,0.0,0.7,0.230556,0.515685
trained_dqn,I,no_lstm,avg_restoration_steps,10,38.985714,42.642857,24.9543,0.0,69.0,23.775595,53.224048
trained_dqn,I,no_lstm,critical_load_interruption_steps,10,75.7,80.0,7.008725,60.0,80.0,71.3,79.3
trained_dqn,I,no_lstm,voltage_violation_count,10,0.0,0.0,0.0,0.0,0.0,0.0,0.0
trained_dqn,I,no_predictive,energy_not_served_mwh,10,4.842225,4.463131,1.532445,2.778081,8.359008,4.028816,5.818298
trained_dqn,I,no_predictive,total_customer_minutes_interrupted,10,389.5,388.0,58.397584,331.0,524.0,358.6,426.7
trained_dqn,I,no_predictive,restoration_rate,10,0.378478,0.428571,0.243271,0.0,0.7,0.230556,0.515685
trained_dqn,I,no_predictive,avg_restoration_steps,10,38.985714,42.642857,24.9543,0.0,69.0,23.775595,53.224048
trained_dqn,I,no_predictive,critical_load_interruption_steps,10,75.7,80.0,7.008725,60.0,80.0,71.3,79.3
trained_dqn,I,no_predictive,voltage_violation_count,10,0.0,0.0,0.0,0.0,0.0,0.0,0.0
trained_dqn,I,no_twin,energy_not_served_mwh,10,4.842225,4.463131,1.532445,2.778081,8.359008,4.028816,5.818298
trained_dqn,I,no_twin,total_customer_minutes_interrupted,10,389.5,388.0,58.397584,331.0,524.0,358.6,426.7
trained_dqn,I,no_twin,restoration_rate,10,0.378478,0.428571,0.243271,0.0,0.7,0.230556,0.515685
trained_dqn,I,no_twin,avg_restoration_steps,10,38.985714,42.642857,24.9543,0.0,69.0,23.775595,53.224048
trained_dqn,I,no_twin,critical_load_interruption_steps,10,75.7,80.0,7.008725,60.0,80.0,71.3,79.3
trained_dqn,I,no_twin,voltage_violation_count,10,0.0,0.0,0.0,0.0,0.0,0.0,0.0
trained_dqn,J,full_stack,energy_not_served_mwh,10,42.640584,40.484912,9.401733,30.16013,56.709259,37.318839,48.251489
trained_dqn,J,full_stack,total_customer_minutes_interrupted,10,3958.8,3945.0,617.333297,3059.0,5196.0,3606.8725,4339.7325
trained_dqn,J,full_stack,restoration_rate,10,0.123861,0.121429,0.104757,0.0,0.272727,0.06389,0.186039
trained_dqn,J,full_stack,avg_restoration_steps,10,96.7,43.416667,122.503434,0.0,316.0,31.132083,174.667083
trained_dqn,J,full_stack,critical_load_interruption_steps,10,326.5,345.5,145.300646,25.0,480.0,236.4,406.2
trained_dqn,J,full_stack,voltage_violation_count,10,0.0,0.0,0.0,0.0,0.0,0.0,0.0
trained_dqn,J,no_ems,energy_not_served_mwh,10,42.640584,40.484912,9.401733,30.16013,56.709259,37.318839,48.251489
trained_dqn,J,no_ems,total_customer_minutes_interrupted,10,3958.8,3945.0,617.333297,3059.0,5196.0,3606.8725,4339.7325
trained_dqn,J,no_ems,restoration_rate,10,0.123861,0.121429,0.104757,0.0,0.272727,0.06389,0.186039
trained_dqn,J,no_ems,avg_restoration_steps,10,96.7,43.416667,122.503434,0.0,316.0,31.132083,174.667083
trained_dqn,J,no_ems,critical_load_interruption_steps,10,326.5,345.5,145.300646,25.0,480.0,236.4,406.2
trained_dqn,J,no_ems,voltage_violation_count,10,0.0,0.0,0.0,0.0,0.0,0.0,0.0
trained_dqn,J,no_lstm,energy_not_served_mwh,10,42.640584,40.484912,9.401733,30.16013,56.709259,37.318839,48.251489
trained_dqn,J,no_lstm,total_customer_minutes_interrupted,10,3958.8,3945.0,617.333297,3059.0,5196.0,3606.8725,4339.7325
trained_dqn,J,no_lstm,restoration_rate,10,0.123861,0.121429,0.104757,0.0,0.272727,0.06389,0.186039
trained_dqn,J,no_lstm,avg_restoration_steps,10,96.7,43.416667,122.503434,0.0,316.0,31.132083,174.667083
trained_dqn,J,no_lstm,critical_load_interruption_steps,10,326.5,345.5,145.300646,25.0,480.0,236.4,406.2
trained_dqn,J,no_lstm,voltage_violation_count,10,0.0,0.0,0.0,0.0,0.0,0.0,0.0
trained_dqn,J,no_predictive,energy_not_served_mwh,10,42.640584,40.484912,9.401733,30.16013,56.709259,37.318839,48.251489
trained_dqn,J,no_predictive,total_customer_minutes_interrupted,10,3958.8,3945.0,617.333297,3059.0,5196.0,3606.8725,4339.7325
trained_dqn,J,no_predictive,restoration_rate,10,0.123861,0.121429,0.104757,0.0,0.272727,0.06389,0.186039
trained_dqn,J,no_predictive,avg_restoration_steps,10,96.7,43.416667,122.503434,0.0,316.0,31.132083,174.667083
trained_dqn,J,no_predictive,critical_load_interruption_steps,10,326.5,345.5,145.300646,25.0,480.0,236.4,406.2
trained_dqn,J,no_predictive,voltage_violation_count,10,0.0,0.0,0.0,0.0,0.0,0.0,0.0
trained_dqn,J,no_twin,energy_not_served_mwh,10,42.640584,40.484912,9.401733,30.16013,56.709259,37.318839,48.251489
trained_dqn,J,no_twin,total_customer_minutes_interrupted,10,3958.8,3945.0,617.333297,3059.0,5196.0,3606.8725,4339.7325
trained_dqn,J,no_twin,restoration_rate,10,0.123861,0.121429,0.104757,0.0,0.272727,0.06389,0.186039
trained_dqn,J,no_twin,avg_restoration_steps,10,96.7,43.416667,122.503434,0.0,316.0,31.132083,174.667083
trained_dqn,J,no_twin,critical_load_interruption_steps,10,326.5,345.5,145.300646,25.0,480.0,236.4,406.2
trained_dqn,J,no_twin,voltage_violation_count,10,0.0,0.0,0.0,0.0,0.0,0.0,0.0
untrained_dqn,A,full_stack,energy_not_served_mwh,10,2.498272,3.069966,2.112512,0.072741,5.120535,1.259044,3.707333
untrained_dqn,A,full_stack,total_customer_minutes_interrupted,10,263.4,286.5,120.002037,63.0,412.0,191.1975,330.7
untrained_dqn,A,full_stack,restoration_rate,10,0.474603,0.464286,0.219752,0.0,0.8,0.335714,0.595726
untrained_dqn,A,full_stack,avg_restoration_steps,10,20.920714,19.25,17.156407,0.0,50.333333,11.125625,31.388202
untrained_dqn,A,full_stack,critical_load_interruption_steps,10,46.5,55.5,34.561539,5.0,80.0,25.9,66.0
untrained_dqn,A,full_stack,voltage_violation_count,10,0.0,0.0,0.0,0.0,0.0,0.0,0.0
untrained_dqn,A,no_ems,energy_not_served_mwh,10,2.498272,3.069966,2.112512,0.072741,5.120535,1.259044,3.707333
untrained_dqn,A,no_ems,total_customer_minutes_interrupted,10,263.4,286.5,120.002037,63.0,412.0,191.1975,330.7
untrained_dqn,A,no_ems,restoration_rate,10,0.474603,0.464286,0.219752,0.0,0.8,0.335714,0.595726
untrained_dqn,A,no_ems,avg_restoration_steps,10,20.920714,19.25,17.156407,0.0,50.333333,11.125625,31.388202
untrained_dqn,A,no_ems,critical_load_interruption_steps,10,46.5,55.5,34.561539,5.0,80.0,25.9,66.0
untrained_dqn,A,no_ems,voltage_violation_count,10,0.0,0.0,0.0,0.0,0.0,0.0,0.0
untrained_dqn,A,no_lstm,energy_not_served_mwh,10,2.498272,3.069966,2.112512,0.072741,5.120535,1.259044,3.707333
untrained_dqn,A,no_lstm,total_customer_minutes_interrupted,10,263.4,286.5,120.002037,63.0,412.0,191.1975,330.7
untrained_dqn,A,no_lstm,restoration_rate,10,0.474603,0.464286,0.219752,0.0,0.8,0.335714,0.595726
untrained_dqn,A,no_lstm,avg_restoration_steps,10,20.920714,19.25,17.156407,0.0,50.333333,11.125625,31.388202
untrained_dqn,A,no_lstm,critical_load_interruption_steps,10,46.5,55.5,34.561539,5.0,80.0,25.9,66.0
untrained_dqn,A,no_lstm,voltage_violation_count,10,0.0,0.0,0.0,0.0,0.0,0.0,0.0
untrained_dqn,A,no_predictive,energy_not_served_mwh,10,2.498272,3.069966,2.112512,0.072741,5.120535,1.259044,3.707333
untrained_dqn,A,no_predictive,total_customer_minutes_interrupted,10,263.4,286.5,120.002037,63.0,412.0,191.1975,330.7
untrained_dqn,A,no_predictive,restoration_rate,10,0.474603,0.464286,0.219752,0.0,0.8,0.335714,0.595726
untrained_dqn,A,no_predictive,avg_restoration_steps,10,20.920714,19.25,17.156407,0.0,50.333333,11.125625,31.388202
untrained_dqn,A,no_predictive,critical_load_interruption_steps,10,46.5,55.5,34.561539,5.0,80.0,25.9,66.0
untrained_dqn,A,no_predictive,voltage_violation_count,10,0.0,0.0,0.0,0.0,0.0,0.0,0.0
untrained_dqn,A,no_twin,energy_not_served_mwh,10,2.498272,3.069966,2.112512,0.072741,5.120535,1.259044,3.707333
untrained_dqn,A,no_twin,total_customer_minutes_interrupted,10,263.4,286.5,120.002037,63.0,412.0,191.1975,330.7
untrained_dqn,A,no_twin,restoration_rate,10,0.474603,0.464286,0.219752,0.0,0.8,0.335714,0.595726
untrained_dqn,A,no_twin,avg_restoration_steps,10,20.920714,19.25,17.156407,0.0,50.333333,11.125625,31.388202
untrained_dqn,A,no_twin,critical_load_interruption_steps,10,46.5,55.5,34.561539,5.0,80.0,25.9,66.0
untrained_dqn,A,no_twin,voltage_violation_count,10,0.0,0.0,0.0,0.0,0.0,0.0,0.0
untrained_dqn,E,full_stack,energy_not_served_mwh,10,5.384632,7.280228,4.477265,0.205588,10.12463,2.723187,7.924443
untrained_dqn,E,full_stack,total_customer_minutes_interrupted,10,431.2,505.0,244.911231,103.0,705.0,285.095,572.9
untrained_dqn,E,full_stack,restoration_rate,10,0.250047,0.215385,0.239,0.0,0.636364,0.116713,0.394545
untrained_dqn,E,full_stack,avg_restoration_steps,10,12.721429,7.666667,17.220072,0.0,54.714286,4.249583,24.148036
untrained_dqn,E,full_stack,critical_load_interruption_steps,10,52.1,80.0,36.038405,8.0,80.0,30.9,73.0
untrained_dqn,E,full_stack,voltage_violation_count,10,0.0,0.0,0.0,0.0,0.0,0.0,0.0
untrained_dqn,E,no_ems,energy_not_served_mwh,10,5.384632,7.280228,4.477265,0.205588,10.12463,2.723187,7.924443
untrained_dqn,E,no_ems,total_customer_minutes_interrupted,10,431.2,505.0,244.911231,103.0,705.0,285.095,572.9
untrained_dqn,E,no_ems,restoration_rate,10,0.250047,0.215385,0.239,0.0,0.636364,0.116713,0.394545
untrained_dqn,E,no_ems,avg_restoration_steps,10,12.721429,7.666667,17.220072,0.0,54.714286,4.249583,24.148036
untrained_dqn,E,no_ems,critical_load_interruption_steps,10,52.1,80.0,36.038405,8.0,80.0,30.9,73.0
untrained_dqn,E,no_ems,voltage_violation_count,10,0.0,0.0,0.0,0.0,0.0,0.0,0.0
untrained_dqn,E,no_lstm,energy_not_served_mwh,10,5.384632,7.280228,4.477265,0.205588,10.12463,2.723187,7.924443
untrained_dqn,E,no_lstm,total_customer_minutes_interrupted,10,431.2,505.0,244.911231,103.0,705.0,285.095,572.9
untrained_dqn,E,no_lstm,restoration_rate,10,0.250047,0.215385,0.239,0.0,0.636364,0.116713,0.394545
untrained_dqn,E,no_lstm,avg_restoration_steps,10,12.721429,7.666667,17.220072,0.0,54.714286,4.249583,24.148036
untrained_dqn,E,no_lstm,critical_load_interruption_steps,10,52.1,80.0,36.038405,8.0,80.0,30.9,73.0
untrained_dqn,E,no_lstm,voltage_violation_count,10,0.0,0.0,0.0,0.0,0.0,0.0,0.0
untrained_dqn,E,no_predictive,energy_not_served_mwh,10,5.384632,7.280228,4.477265,0.205588,10.12463,2.723187,7.924443
untrained_dqn,E,no_predictive,total_customer_minutes_interrupted,10,431.2,505.0,244.911231,103.0,705.0,285.095,572.9
untrained_dqn,E,no_predictive,restoration_rate,10,0.250047,0.215385,0.239,0.0,0.636364,0.116713,0.394545
untrained_dqn,E,no_predictive,avg_restoration_steps,10,12.721429,7.666667,17.220072,0.0,54.714286,4.249583,24.148036
untrained_dqn,E,no_predictive,critical_load_interruption_steps,10,52.1,80.0,36.038405,8.0,80.0,30.9,73.0
untrained_dqn,E,no_predictive,voltage_violation_count,10,0.0,0.0,0.0,0.0,0.0,0.0,0.0
untrained_dqn,E,no_twin,energy_not_served_mwh,10,5.384632,7.280228,4.477265,0.205588,10.12463,2.723187,7.924443
untrained_dqn,E,no_twin,total_customer_minutes_interrupted,10,431.2,505.0,244.911231,103.0,705.0,285.095,572.9
untrained_dqn,E,no_twin,restoration_rate,10,0.250047,0.215385,0.239,0.0,0.636364,0.116713,0.394545
untrained_dqn,E,no_twin,avg_restoration_steps,10,12.721429,7.666667,17.220072,0.0,54.714286,4.249583,24.148036
untrained_dqn,E,no_twin,critical_load_interruption_steps,10,52.1,80.0,36.038405,8.0,80.0,30.9,73.0
untrained_dqn,E,no_twin,voltage_violation_count,10,0.0,0.0,0.0,0.0,0.0,0.0,0.0
untrained_dqn,I,full_stack,energy_not_served_mwh,10,2.534071,3.069966,2.145983,0.072741,5.189911,1.274597,3.760765
untrained_dqn,I,full_stack,total_customer_minutes_interrupted,10,278.3,329.5,123.554801,63.0,412.0,202.195,346.2
untrained_dqn,I,full_stack,restoration_rate,10,0.441746,0.464286,0.18626,0.0,0.7,0.320155,0.539524
untrained_dqn,I,full_stack,avg_restoration_steps,10,22.887381,21.166667,18.798951,0.0,50.333333,12.118571,34.287589
untrained_dqn,I,full_stack,critical_load_interruption_steps,10,46.5,55.5,34.561539,5.0,80.0,25.9,66.0
untrained_dqn,I,full_stack,voltage_violation_count,10,0.0,0.0,0.0,0.0,0.0,0.0,0.0
untrained_dqn,I,no_ems,energy_not_served_mwh,10,2.534071,3.069966,2.145983,0.072741,5.189911,1.274597,3.760765
untrained_dqn,I,no_ems,total_customer_minutes_interrupted,10,278.3,329.5,123.554801,63.0,412.0,202.195,346.2
untrained_dqn,I,no_ems,restoration_rate,10,0.441746,0.464286,0.18626,0.0,0.7,0.320155,0.539524
untrained_dqn,I,no_ems,avg_restoration_steps,10,22.887381,21.166667,18.798951,0.0,50.333333,12.118571,34.287589
untrained_dqn,I,no_ems,critical_load_interruption_steps,10,46.5,55.5,34.561539,5.0,80.0,25.9,66.0
untrained_dqn,I,no_ems,voltage_violation_count,10,0.0,0.0,0.0,0.0,0.0,0.0,0.0
untrained_dqn,I,no_lstm,energy_not_served_mwh,10,2.534071,3.069966,2.145983,0.072741,5.189911,1.274597,3.760765
untrained_dqn,I,no_lstm,total_customer_minutes_interrupted,10,278.3,329.5,123.554801,63.0,412.0,202.195,346.2
untrained_dqn,I,no_lstm,restoration_rate,10,0.441746,0.464286,0.18626,0.0,0.7,0.320155,0.539524
untrained_dqn,I,no_lstm,avg_restoration_steps,10,22.887381,21.166667,18.798951,0.0,50.333333,12.118571,34.287589
untrained_dqn,I,no_lstm,critical_load_interruption_steps,10,46.5,55.5,34.561539,5.0,80.0,25.9,66.0
untrained_dqn,I,no_lstm,voltage_violation_count,10,0.0,0.0,0.0,0.0,0.0,0.0,0.0
untrained_dqn,I,no_predictive,energy_not_served_mwh,10,2.534071,3.069966,2.145983,0.072741,5.189911,1.274597,3.760765
untrained_dqn,I,no_predictive,total_customer_minutes_interrupted,10,278.3,329.5,123.554801,63.0,412.0,202.195,346.2
untrained_dqn,I,no_predictive,restoration_rate,10,0.441746,0.464286,0.18626,0.0,0.7,0.320155,0.539524
untrained_dqn,I,no_predictive,avg_restoration_steps,10,22.887381,21.166667,18.798951,0.0,50.333333,12.118571,34.287589
untrained_dqn,I,no_predictive,critical_load_interruption_steps,10,46.5,55.5,34.561539,5.0,80.0,25.9,66.0
untrained_dqn,I,no_predictive,voltage_violation_count,10,0.0,0.0,0.0,0.0,0.0,0.0,0.0
untrained_dqn,I,no_twin,energy_not_served_mwh,10,2.534071,3.069966,2.145983,0.072741,5.189911,1.274597,3.760765
untrained_dqn,I,no_twin,total_customer_minutes_interrupted,10,278.3,329.5,123.554801,63.0,412.0,202.195,346.2
untrained_dqn,I,no_twin,restoration_rate,10,0.441746,0.464286,0.18626,0.0,0.7,0.320155,0.539524
untrained_dqn,I,no_twin,avg_restoration_steps,10,22.887381,21.166667,18.798951,0.0,50.333333,12.118571,34.287589
untrained_dqn,I,no_twin,critical_load_interruption_steps,10,46.5,55.5,34.561539,5.0,80.0,25.9,66.0
untrained_dqn,I,no_twin,voltage_violation_count,10,0.0,0.0,0.0,0.0,0.0,0.0,0.0
untrained_dqn,J,full_stack,energy_not_served_mwh,10,26.953196,32.601879,23.624284,1.045715,59.010841,13.095103,40.674242
untrained_dqn,J,full_stack,total_customer_minutes_interrupted,10,3789.2,3899.0,1141.302842,1944.0,5716.0,3109.5975,4462.0225
untrained_dqn,J,full_stack,restoration_rate,10,0.063645,0.071429,0.070149,0.0,0.222222,0.025946,0.108089
untrained_dqn,J,full_stack,avg_restoration_steps,10,67.5,5.0,128.565807,0.0,361.0,3.8,152.0
untrained_dqn,J,full_stack,critical_load_interruption_steps,10,244.4,285.5,200.672868,5.0,480.0,127.295,361.6
untrained_dqn,J,full_stack,voltage_violation_count,10,0.0,0.0,0.0,0.0,0.0,0.0,0.0
untrained_dqn,J,no_ems,energy_not_served_mwh,10,26.953196,32.601879,23.624284,1.045715,59.010841,13.095103,40.674242
untrained_dqn,J,no_ems,total_customer_minutes_interrupted,10,3789.2,3899.0,1141.302842,1944.0,5716.0,3109.5975,4462.0225
untrained_dqn,J,no_ems,restoration_rate,10,0.063645,0.071429,0.070149,0.0,0.222222,0.025946,0.108089
untrained_dqn,J,no_ems,avg_restoration_steps,10,67.5,5.0,128.565807,0.0,361.0,3.8,152.0
untrained_dqn,J,no_ems,critical_load_interruption_steps,10,244.4,285.5,200.672868,5.0,480.0,127.295,361.6
untrained_dqn,J,no_ems,voltage_violation_count,10,0.0,0.0,0.0,0.0,0.0,0.0,0.0
untrained_dqn,J,no_lstm,energy_not_served_mwh,10,26.953196,32.601879,23.624284,1.045715,59.010841,13.095103,40.674242
untrained_dqn,J,no_lstm,total_customer_minutes_interrupted,10,3789.2,3899.0,1141.302842,1944.0,5716.0,3109.5975,4462.0225
untrained_dqn,J,no_lstm,restoration_rate,10,0.063645,0.071429,0.070149,0.0,0.222222,0.025946,0.108089
untrained_dqn,J,no_lstm,avg_restoration_steps,10,67.5,5.0,128.565807,0.0,361.0,3.8,152.0
untrained_dqn,J,no_lstm,critical_load_interruption_steps,10,244.4,285.5,200.672868,5.0,480.0,127.295,361.6
untrained_dqn,J,no_lstm,voltage_violation_count,10,0.0,0.0,0.0,0.0,0.0,0.0,0.0
untrained_dqn,J,no_predictive,energy_not_served_mwh,10,26.953196,32.601879,23.624284,1.045715,59.010841,13.095103,40.674242
untrained_dqn,J,no_predictive,total_customer_minutes_interrupted,10,3789.2,3899.0,1141.302842,1944.0,5716.0,3109.5975,4462.0225
untrained_dqn,J,no_predictive,restoration_rate,10,0.063645,0.071429,0.070149,0.0,0.222222,0.025946,0.108089
untrained_dqn,J,no_predictive,avg_restoration_steps,10,67.5,5.0,128.565807,0.0,361.0,3.8,152.0
untrained_dqn,J,no_predictive,critical_load_interruption_steps,10,244.4,285.5,200.672868,5.0,480.0,127.295,361.6
untrained_dqn,J,no_predictive,voltage_violation_count,10,0.0,0.0,0.0,0.0,0.0,0.0,0.0
untrained_dqn,J,no_twin,energy_not_served_mwh,10,26.953196,32.601879,23.624284,1.045715,59.010841,13.095103,40.674242
untrained_dqn,J,no_twin,total_customer_minutes_interrupted,10,3789.2,3899.0,1141.302842,1944.0,5716.0,3109.5975,4462.0225
untrained_dqn,J,no_twin,restoration_rate,10,0.063645,0.071429,0.070149,0.0,0.222222,0.025946,0.108089
untrained_dqn,J,no_twin,avg_restoration_steps,10,67.5,5.0,128.565807,0.0,361.0,3.8,152.0
untrained_dqn,J,no_twin,critical_load_interruption_steps,10,244.4,285.5,200.672868,5.0,480.0,127.295,361.6
untrained_dqn,J,no_twin,voltage_violation_count,10,0.0,0.0,0.0,0.0,0.0,0.0,0.0
