voltage,frequency,load,generation,stress,label
0.9715,49.91,0.3116,0.7419,0.1015,0
0.8604,49.3375,0.4179,0.0328,0.6774,4
1.0037,50.0864,0.5507,0.5517,0.0674,0
0.889,49.2058,1.0641,0.3094,0.6361,2
0.8972,49.5344,1.4613,0.352,0.7436,1
0.8664,49.9264,1.0108,0.2609,0.8892,2
0.9395,51.5172,0.9198,0.417,0.4865,3
0.9727,49.8912,0.3447,0.3479,0.0349,0
0.9928,49.9814,0.6171,0.3976,0.0533,0
0.8772,49.8152,0.55,0.2905,0.7137,2
0.8931,49.2656,1.9937,0.456,0.8228,1
0.8927,49.8984,0.6603,0.1096,0.6262,2
0.8073,50.0218,0.897,0.3154,0.5851,2
0.9775,48.5965,0.4854,0.348,0.6526,3
0.8822,49.5856,0.9085,0.2086,0.8989,2
0.9208,49.0636,1.4283,0.2439,0.851,1
1.0016,51.4747,0.6276,0.3508,0.649,3
1.0108,49.8458,0.6424,0.7505,0.1153,0
0.8123,49.5913,0.8176,0.3861,0.8503,2
0.9069,49.8858,0.8554,0.1319,0.7501,2
0.9231,49.1223,0.8575,0.0809,0.8004,4
0.9602,49.4792,0.6932,0.0168,0.6133,4
0.8263,49.4168,0.8971,0.1236,0.7928,2
1.0287,50.0131,0.2629,0.6959,0.142,0
0.9012,49.6107,1.6539,0.2847,0.8157,1
0.937,49.2793,1.803,0.3494,0.9598,1
0.9445,51.1395,0.7118,0.3381,0.4991,3
1.0125,49.8235,0.2337,0.3188,0.0496,0
0.8786,49.5352,0.5285,0.0198,0.871,4
0.9191,49.1944,0.6838,0.0611,0.4924,4
0.9725,51.823,0.3379,0.5921,0.6908,3
0.9942,49.9357,0.6308,0.4492,0.0285,0
0.9468,51.3014,0.9121,0.2452,0.7636,3
0.8617,49.5217,0.7244,0.0022,0.492,4
0.8933,49.3399,1.5282,0.3604,0.6235,1
0.9303,51.9045,0.8496,0.3711,0.7135,3
0.9294,49.3893,0.5139,0.0327,0.4763,4
0.8573,49.2509,0.4301,0.0715,0.8637,4
0.8689,49.7686,0.4481,0.0279,0.7178,4
0.9123,49.6591,1.7418,0.4316,0.6159,1
0.9952,50.0335,0.4614,0.8608,0.0306,0
0.8263,49.5562,0.9702,0.19,0.6265,2
0.9706,50.0485,0.4815,0.36,0.0806,0
0.8818,49.7466,0.9285,0.1319,0.6163,4
0.9151,49.3803,1.5815,0.5935,0.9228,1
0.8509,49.6537,0.5796,0.0995,0.8725,4
0.9012,49.6228,1.8455,0.2622,0.7127,1
0.9374,49.1425,1.7805,0.3056,0.7954,1
0.9755,49.9694,0.3383,0.3021,0.1157,0
0.8178,49.5977,0.994,0.2683,0.5447,2
0.9236,49.5842,1.7495,0.2592,0.651,1
0.8401,50.0398,1.1805,0.112,0.6431,2
0.9334,49.2476,1.7359,0.5499,0.9895,1
0.9541,49.1657,1.4975,0.52,0.6708,1
0.933,48.4318,0.9516,0.6813,0.7888,3
0.9013,49.5512,1.4649,0.5489,0.9434,1
0.896,49.6429,1.6098,0.5282,0.9485,1
0.8819,49.1352,1.597,0.5457,0.9868,1
0.8386,49.6585,0.9757,0.3531,0.6325,2
0.9769,50.1882,0.2893,0.8775,0.0398,0
1.0058,49.9383,0.5932,0.5618,0.1476,0
0.9931,50.0306,0.3274,0.7253,0.0003,0
0.9324,49.7522,0.8422,0.0296,0.6441,4
0.8685,49.797,0.5872,0.37,0.7028,2
0.9691,48.7207,0.4343,0.599,0.5706,3
0.9292,49.2107,1.7288,0.2002,0.7148,1
1.0243,48.4189,0.6093,0.6054,0.63,3
0.9327,49.1987,1.7983,0.4477,0.6374,1
0.9338,49.1572,1.5195,0.2098,0.6979,1
1.0034,48.592,0.9203,0.5454,0.7233,3
0.9893,51.5529,0.3039,0.6506,0.7465,3
1.0167,49.8875,0.6021,0.7175,0.0697,0
0.8799,49.6787,0.6739,0.1202,0.7504,4
0.9215,49.76,0.9349,0.0919,0.7737,4
0.9012,49.7255,0.6675,0.0239,0.8377,4
0.9611,51.529,0.8361,0.5128,0.682,3
0.8484,49.8422,0.6641,0.2008,0.8572,2
0.9783,49.8925,0.547,0.7239,0.0096,0
0.9697,50.7809,0.883,0.4337,0.7464,3
1.0214,50.1062,0.3902,0.3035,0.0528,0
1.0324,48.5447,0.8233,0.5277,0.6715,3
0.9191,49.1911,1.6914,0.3555,0.8675,1
1.0169,49.1954,0.9865,0.5205,0.8081,3
0.9177,49.0217,0.7856,0.0204,0.6578,4
0.9856,49.9309,0.4273,0.5025,0.1319,0
0.8827,49.9487,0.6766,0.1246,0.5078,2
0.8563,49.7615,0.5345,0.0103,0.8808,4
1.0153,50.1798,0.2997,0.3122,0.0229,0
0.9179,49.0801,1.9687,0.386,0.7025,1
0.8185,49.7465,1.0235,0.1344,0.8277,2
0.8119,49.2231,0.7184,0.3032,0.8833,2
1.043,51.4697,0.8814,0.3457,0.7137,3
0.8935,49.7404,0.5847,0.3952,0.8131,2
0.8586,49.7954,0.5483,0.2943,0.5051,2
1.0287,51.949,0.7449,0.6972,0.7183,3
0.9511,48.8456,0.7311,0.7518,0.7486,3
0.9823,48.3489,0.8962,0.6984,0.439,3
0.9593,51.4934,0.5653,0.2172,0.7829,3
0.919,49.2484,1.555,0.3119,0.8385,1
0.8611,49.665,0.6337,0.1724,0.6626,2
0.941,49.5525,0.7875,0.0736,0.8068,4
0.9877,49.9618,0.3217,0.6984,0.0554,0
0.9137,49.3404,0.8476,0.0496,0.7663,4
0.8337,49.4075,1.0049,0.1947,0.7972,2
0.8953,49.517,1.5659,0.4358,0.9041,1
0.884,49.0804,0.5165,0.0341,0.5307,4
1.0125,49.8506,0.2228,0.3327,0.0438,0
0.931,49.527,1.4616,0.2049,0.7137,1
0.9829,50.7668,0.9587,0.4866,0.77,3
0.989,48.8924,0.4062,0.6867,0.8271,3
1.0296,49.8474,0.5822,0.6638,0.1186,0
0.9421,49.2663,1.9451,0.3189,0.8354,1
0.9666,48.7925,0.8181,0.7686,0.4935,3
0.9012,49.0568,1.5439,0.4208,0.6626,1
0.9841,48.3786,0.462,0.6242,0.7163,3
0.9385,51.0439,0.8539,0.5539,0.7618,3
0.914,49.3812,1.7886,0.5634,0.9307,1
0.9736,50.1171,0.4975,0.7945,0.1382,0
0.9449,48.9097,0.9599,0.5003,0.6222,3
1.0059,50.1558,0.5673,0.6622,0.0039,0
0.957,49.5852,1.7451,0.5803,0.9998,1
0.8634,49.8868,0.6226,0.2557,0.6769,2
0.82,49.7268,0.9443,0.2475,0.5365,2
0.8449,49.489,0.5732,0.1482,0.6647,2
0.9646,49.0576,0.6851,0.4729,0.5415,3
0.8128,49.8953,1.1054,0.3475,0.5005,2
0.9054,49.0434,0.7111,0.0934,0.6743,4
1.0212,51.414,0.9494,0.4629,0.7142,3
0.9717,50.052,0.5997,0.7259,0.0466,0
1.0031,49.8373,0.6961,0.8478,0.0692,0
1.0089,49.8616,0.6663,0.4751,0.1058,0
1.0302,48.3169,0.6859,0.4302,0.8148,3
0.9396,49.1092,0.4419,0.1159,0.8345,4
0.9028,49.657,1.0744,0.1849,0.6194,2
0.9196,49.528,0.9192,0.067,0.668,4
0.8607,49.6891,0.8187,0.1965,0.5755,2
0.9257,49.1635,1.8653,0.2175,0.8979,1
0.9763,49.067,0.9866,0.4972,0.4167,3
0.9658,49.2656,0.4602,0.1268,0.4949,4
0.9318,51.8322,0.979,0.2449,0.7517,3
0.8372,49.8234,0.9549,0.3555,0.8409,2
0.8956,49.2533,0.8312,0.1139,0.8426,4
1.007,49.8939,0.5422,0.4724,0.0341,0
0.996,49.8394,0.5169,0.8235,0.0666,0
0.8994,49.2414,1.0573,0.188,0.6499,2
0.8995,49.2884,1.8091,0.272,0.67,1
0.9545,49.4958,0.5445,0.1369,0.5144,4
1.0065,51.5669,0.9292,0.4792,0.5294,3
0.869,49.3534,0.6073,0.0881,0.7375,4
1.0128,51.0928,0.9996,0.712,0.448,3
0.9986,49.2905,0.5067,0.7868,0.6962,3
0.8009,49.9786,1.0448,0.3921,0.8642,2
1.0299,49.0085,0.4611,0.6812,0.4986,3
0.9297,49.4744,1.8326,0.4637,0.9353,1
1.0242,50.0585,0.3545,0.5645,0.0869,0
0.8872,49.2066,1.8485,0.2703,0.6529,1
0.9552,49.2927,0.7011,0.0409,0.524,4
1.0461,51.8315,0.863,0.481,0.4339,3
0.9488,49.507,1.988,0.5869,0.9218,1
0.8099,49.5551,0.6851,0.1371,0.6474,2
0.8643,49.9402,1.1582,0.1325,0.5935,2
1.0072,50.1773,0.364,0.666,0.0971,0
1.0391,51.2308,0.3978,0.7678,0.537,3
0.9439,51.3988,0.5721,0.4226,0.8272,3
0.9003,49.5938,0.4927,0.0622,0.4946,4
1.0039,48.3637,0.7832,0.3304,0.6001,3
0.9484,49.0695,1.8114,0.4178,0.9911,1
0.8067,49.4483,1.1777,0.3847,0.8297,2
1.0098,50.0567,0.4986,0.3128,0.118,0
0.9591,49.5509,1.5231,0.5319,0.8217,1
0.8759,49.6958,0.5971,0.0221,0.8552,4
0.9866,50.1936,0.6938,0.6241,0.1198,0
1.0097,49.8103,0.2074,0.774,0.0357,0
0.8017,49.4388,0.5887,0.2263,0.5455,2
0.9986,50.1112,0.4566,0.3654,0.0756,0
0.8552,49.6266,0.9202,0.0782,0.6561,4
0.9736,49.9916,0.4008,0.7117,0.0735,0
0.9388,51.4908,0.346,0.365,0.6849,3
0.9355,49.3047,0.7584,0.0442,0.6775,4
0.9419,49.1086,0.7556,0.6614,0.7244,3
0.9144,49.6217,1.6483,0.531,0.7595,1
0.9888,49.925,0.3274,0.8722,0.103,0
0.9381,48.1212,0.3676,0.6433,0.7653,3
0.8572,49.7653,0.737,0.1005,0.6349,4
1.0342,49.2589,0.7203,0.411,0.6601,3
0.8924,49.3375,1.9084,0.34,0.8225,1
1.0158,50.0296,0.6036,0.8071,0.1462,0
0.9236,49.5142,0.4158,0.1394,0.8233,4
0.8032,49.4459,1.0337,0.3765,0.6404,2
0.9496,49.3964,1.6405,0.2567,0.8533,1
0.9755,50.0122,0.3881,0.5722,0.0236,0
0.8794,49.8992,0.8973,0.1255,0.521,2
0.9404,49.0348,1.4489,0.3772,0.7696,1
0.903,49.2185,0.853,0.0171,0.6435,4
0.8746,49.7338,0.8689,0.1925,0.5882,2
0.8566,49.1635,0.9672,0.1151,0.7939,4
0.8361,49.207,1.0229,0.1527,0.6521,2
0.92,49.5833,1.8837,0.2288,0.9447,1
0.9962,49.9839,0.2389,0.4878,0.0644,0
1.0151,50.8497,0.3146,0.3949,0.7606,3
0.9052,49.5517,0.6171,0.0655,0.4976,4
1.0007,48.5145,0.5172,0.4037,0.5499,3
0.8861,49.4433,1.7184,0.2776,0.9105,1
0.88,49.9371,1.0705,0.1709,0.5586,2
0.8939,49.107,1.8555,0.2301,0.9805,1
0.9857,48.7533,0.7768,0.7292,0.6893,3
0.8888,49.7768,0.5897,0.066,0.661,4
0.8876,49.7323,0.7464,0.1223,0.6847,2
0.9734,50.1327,0.2384,0.8186,0.1283,0
0.9213,49.3076,0.7482,0.1431,0.7825,4
0.997,50.1239,0.5259,0.4929,0.0713,0
0.9566,49.3154,1.8866,0.535,0.993,1
1.0003,49.869,0.3239,0.5627,0.0659,0
0.9232,49.2911,0.9508,0.0581,0.7985,4
0.8563,49.5047,0.6008,0.0495,0.7011,4
0.9641,48.8535,0.9344,0.724,0.55,3
0.9296,49.7334,0.5861,0.0984,0.748,4
0.9276,49.6566,1.5857,0.3507,0.9167,1
0.9336,49.5803,1.8433,0.4742,0.8106,1
0.991,51.1015,0.9658,0.405,0.7448,3
0.8981,49.0963,1.4463,0.5378,0.6405,1
0.9502,49.7069,0.4226,0.0505,0.7948,4
0.9278,49.108,1.5085,0.4771,0.8499,1
0.9377,49.0306,1.6186,0.4878,0.9878,1
0.8842,49.5988,0.6694,0.0801,0.5893,4
1.0385,51.5818,0.6993,0.4644,0.7462,3
0.9903,50.9107,0.4398,0.5628,0.7929,3
1.0085,50.1496,0.4773,0.3616,0.1269,0
0.9871,50.1052,0.3364,0.8432,0.0221,0
0.941,49.0617,0.9192,0.7583,0.5867,3
0.9902,51.9929,0.5624,0.2169,0.8189,3
0.8871,49.3238,0.7008,0.3489,0.7784,2
0.9407,49.3284,1.7692,0.5623,0.6076,1
0.9468,49.3842,1.8363,0.4111,0.6445,1
0.8261,49.3097,0.6669,0.2917,0.7491,2
0.9767,50.1621,0.4984,0.3099,0.0773,0
0.9375,49.2039,1.4009,0.3411,0.8283,1
0.9331,49.0599,1.9848,0.2271,0.8104,1
0.9444,49.4061,0.4122,0.131,0.4696,4
1.0477,50.7211,0.852,0.4069,0.7298,3
1.0163,50.0941,0.3663,0.3266,0.0819,0
0.9464,49.4793,1.9885,0.3914,0.6729,1
0.885,49.5433,1.6746,0.3174,0.6175,1
0.9509,49.2209,1.586,0.3593,0.9262,1
0.9604,48.2484,0.5499,0.6685,0.7896,3
0.8301,49.9194,0.8059,0.22,0.6759,2
0.9707,51.5997,0.5571,0.6784,0.52,3
1.0136,49.8316,0.5012,0.7934,0.0818,0
0.8113,49.4951,0.7069,0.2338,0.7871,2
0.9352,49.2461,1.4254,0.548,0.741,1
0.9629,49.2323,0.3525,0.5825,0.5635,3
0.9562,49.0999,1.7645,0.5125,0.6139,1
0.9842,50.0581,0.3811,0.8697,0.0049,0
0.9343,49.6642,1.6232,0.5052,0.8296,1
0.894,49.2515,0.5672,0.1441,0.4617,4
0.9199,49.2709,1.737,0.3047,0.7041,1
0.9557,48.9022,0.999,0.3201,0.4611,3
0.9971,50.1595,0.4226,0.3527,0.1023,0
0.8735,49.8386,0.885,0.1871,0.62,2
0.9369,49.6491,1.7826,0.5175,0.8035,1
1.0291,50.1168,0.3184,0.5964,0.0541,0
0.8943,49.6429,0.731,0.0918,0.4888,4
0.8438,49.8452,0.8351,0.2232,0.6638,2
0.8589,49.7779,0.7854,0.0675,0.756,4
0.8141,49.9461,0.8859,0.2763,0.8071,2
0.9146,49.6375,1.4332,0.2497,0.6612,1
0.893,49.6543,1.5353,0.579,0.8076,1
0.8931,49.4255,0.9445,0.2653,0.5501,2
0.8676,49.2841,0.9487,0.2775,0.7323,2
0.9327,49.5044,1.7631,0.537,0.8254,1
0.9749,50.1794,0.5855,0.4588,0.0316,0
0.9,49.5112,0.6988,0.0941,0.5804,4
0.8531,49.9242,0.9795,0.1892,0.5292,2
0.9795,49.9662,0.4322,0.5041,0.0216,0
0.8808,49.9747,1.1828,0.1392,0.6482,2
0.8627,49.1934,0.4735,0.0674,0.5134,4
0.9874,49.9537,0.5077,0.449,0.1298,0
0.9451,49.6536,1.8327,0.2759,0.6637,1
0.906,49.7033,0.6984,0.0135,0.627,4
1.046,51.1588,0.3354,0.4969,0.7971,3
0.9643,50.8397,0.3938,0.3587,0.5646,3
0.9739,51.4414,0.4363,0.5319,0.4331,3
0.904,49.4399,0.8952,0.0935,0.725,4
0.958,49.2757,1.8769,0.3356,0.9756,1
0.8959,49.3564,1.7,0.2181,0.6548,1
0.8884,49.6674,0.6043,0.3679,0.5559,2
0.8882,49.3144,0.7699,0.1264,0.7172,4
0.9494,49.4259,0.8252,0.045,0.8171,4
0.8364,49.2986,0.7916,0.1923,0.8595,2
1.0058,49.9062,0.5278,0.8832,0.0868,0
0.9377,49.4085,1.5023,0.4516,0.8479,1
0.9477,48.041,0.9637,0.2659,0.4085,3
0.8461,49.5717,0.6427,0.2505,0.7446,2
1.0347,48.081,0.3967,0.3244,0.5463,3
0.9931,50.9251,0.9385,0.4054,0.5594,3
0.8671,49.373,0.6726,0.2674,0.5899,2
0.8848,49.8344,0.9832,0.2467,0.6919,2
0.962,49.6363,0.5641,0.0183,0.7545,4
1.0375,51.1487,0.8411,0.2879,0.4189,3
0.9908,49.977,0.3282,0.5874,0.0303,0
0.8825,49.4496,0.563,0.0164,0.7834,4
0.8994,49.4689,1.7186,0.4552,0.621,1
0.9696,51.5855,0.3962,0.7787,0.8401,3
0.9126,49.6545,1.927,0.391,0.6798,1
0.8353,49.7813,1.1356,0.1268,0.7297,2
0.9386,49.6803,0.4224,0.1382,0.638,4
0.9547,49.0254,1.9017,0.5152,0.6745,1
0.8964,49.2083,0.8976,0.1322,0.8932,2
0.85,49.7772,0.867,0.3668,0.5537,2
0.9062,49.1542,0.4676,0.0244,0.6565,4
0.879,49.2127,0.736,0.1885,0.7698,2
0.894,49.5993,1.9382,0.5308,0.8061,1
0.994,49.8382,0.6908,0.5865,0.1404,0
0.9856,49.8942,0.5769,0.8724,0.0453,0
0.8514,49.5229,0.8157,0.0093,0.5032,4
0.8176,49.8175,1.1462,0.3663,0.8079,2
1.0083,50.1763,0.3838,0.4325,0.1436,0
0.9484,48.7875,0.5911,0.5295,0.6119,3
0.9462,49.6605,0.8571,0.1021,0.7181,4
1.0015,50.0113,0.3809,0.8503,0.0168,0
0.9583,49.1617,0.722,0.0247,0.8345,4
0.9439,51.4581,0.3637,0.5062,0.7639,3
0.9458,51.4331,0.6912,0.6037,0.5387,3
0.9938,50.1266,0.5729,0.647,0.0068,0
0.877,49.687,0.5422,0.3683,0.8945,2
0.9338,51.6997,0.8361,0.787,0.6906,3
0.9749,48.5831,0.942,0.4265,0.4361,3
0.866,49.6882,0.4712,0.1489,0.6269,4
0.9382,49.1559,1.4021,0.2091,0.7193,1
0.9009,49.3034,0.5378,0.0691,0.5198,4
0.955,49.5075,1.4677,0.5238,0.7677,1
0.9844,49.8269,0.497,0.5679,0.1008,0
0.9847,49.8177,0.4195,0.6239,0.1132,0
0.9784,50.1974,0.3171,0.8498,0.0864,0
0.9218,49.538,0.5924,0.0453,0.5145,4
0.8765,49.2404,0.4366,0.1423,0.8459,4
0.9301,49.299,1.6974,0.5889,0.9766,1
1.0243,51.2412,0.4045,0.4259,0.7395,3
0.9589,51.8148,0.401,0.4778,0.4259,3
1.0461,48.1743,0.47,0.322,0.691,3
1.0317,51.642,0.4333,0.3611,0.7032,3
0.8547,49.0582,0.8828,0.0881,0.7522,4
0.9184,49.6086,1.5998,0.5828,0.6061,1
0.957,49.0821,1.9997,0.3916,0.697,1
0.9345,49.3173,0.5436,0.0482,0.5774,4
0.994,51.04,0.659,0.4984,0.4444,3
1.0214,50.9641,0.519,0.2274,0.7888,3
0.8813,49.3873,1.7504,0.488,0.7181,1
0.9064,49.2659,1.9,0.3997,0.8618,1
0.8283,49.9394,1.1766,0.2925,0.6962,2
0.9386,49.2465,1.484,0.4186,0.6736,1
0.9688,49.7658,0.7144,0.1259,0.4834,4
1.0159,49.965,0.6213,0.4389,0.1061,0
0.9831,49.9824,0.2302,0.6826,0.1401,0
1.0091,51.3919,0.5879,0.21,0.725,3
0.9673,49.0137,0.8879,0.1011,0.8128,4
0.8886,49.0674,1.4893,0.2768,0.8106,1
0.8294,49.5572,0.7611,0.2218,0.726,2
0.904,49.5796,1.4484,0.5967,0.86,1
0.9756,49.9517,0.4764,0.3337,0.0014,0
0.8866,49.5917,1.7869,0.3325,0.9909,1
1.0237,50.1677,0.3149,0.8408,0.1038,0
0.9071,49.0372,0.4446,0.1388,0.8547,4
0.929,49.1435,0.9103,0.0023,0.5432,4
0.9402,49.4989,1.639,0.2308,0.665,1
0.9253,49.5946,1.8062,0.4162,0.7535,1
0.9432,49.4825,1.4471,0.4982,0.7383,1
0.9962,50.1355,0.3703,0.7614,0.1432,0
1.0463,51.5244,0.8485,0.4703,0.5027,3
0.9629,49.3455,0.8078,0.0991,0.4886,4
0.8854,49.1972,0.4441,0.0402,0.621,4
0.9392,49.2217,1.4639,0.2021,0.7233,1
0.8837,49.292,0.5611,0.2293,0.7228,2
0.899,49.021,0.6123,0.014,0.7191,4
0.895,49.2111,0.7897,0.3338,0.7899,2
0.9586,49.7825,0.7432,0.0254,0.6213,4
0.9015,49.1879,1.4876,0.2669,0.7104,1
0.8533,49.2692,0.6762,0.174,0.75,2
0.924,49.3663,0.4813,0.001,0.6281,4
0.8956,49.6898,0.6641,0.0646,0.8206,4
0.8663,49.2565,0.9684,0.0301,0.5914,4
1.0462,51.6034,0.6437,0.5455,0.5091,3
0.9636,48.4745,0.9524,0.3199,0.8488,3
0.9345,49.3851,1.9718,0.3846,0.8833,1
1.0257,48.0899,0.8935,0.677,0.7028,3
0.9307,49.1694,1.7952,0.4861,0.9156,1
0.9969,50.0392,0.4911,0.6206,0.1385,0
0.9952,48.4674,0.9269,0.5221,0.6872,3
0.9766,49.8993,0.5323,0.3998,0.0919,0
0.968,49.542,0.6398,0.1129,0.8846,4
0.9427,50.9886,0.8228,0.5348,0.7094,3
0.9157,49.2738,1.8634,0.4354,0.8002,1
0.9097,49.6345,0.7068,0.3762,0.5343,2
0.9079,49.2401,1.8706,0.4084,0.7393,1
0.9963,50.0787,0.3595,0.4802,0.1215,0
0.9714,49.9372,0.2547,0.78,0.1395,0
0.9213,49.3863,1.5986,0.3705,0.7848,1
1.0056,51.5545,0.5769,0.6424,0.7974,3
1.0011,51.6162,0.444,0.6514,0.7639,3
1.0046,50.1198,0.4684,0.5195,0.0296,0
0.9857,50.1451,0.4639,0.6835,0.0895,0
0.8971,49.0914,0.6112,0.0687,0.5276,4
0.9011,49.7312,0.9705,0.194,0.5954,2
0.981,50.0774,0.4554,0.5509,0.0207,0
0.9808,51.3986,0.9434,0.7584,0.478,3
0.9192,49.0982,1.5887,0.3804,0.6214,1
0.9047,49.6361,0.6366,0.2152,0.7246,2
0.9791,51.6232,0.6107,0.3004,0.6544,3
0.9034,49.1924,1.7226,0.2673,0.7829,1
0.996,50.8485,0.8426,0.694,0.5651,3
1.0156,49.9765,0.3093,0.5551,0.1104,0
0.9038,49.6995,1.6698,0.3394,0.9267,1
1.0338,51.7555,0.4469,0.6426,0.7101,3
0.9259,49.1328,0.4835,0.031,0.5431,4
1.0042,50.0129,0.4984,0.401,0.1469,0
0.8318,49.4406,1.1006,0.3956,0.7717,2
0.9781,50.1,0.4058,0.3356,0.0416,0
0.9361,49.0929,1.4877,0.3288,0.699,1
0.9887,48.3493,0.59,0.4712,0.6851,3
0.9942,50.0999,0.5474,0.8264,0.0682,0
0.9693,51.7064,0.8129,0.6386,0.6063,3
0.8935,49.9161,0.7784,0.3904,0.8299,2
0.9622,48.4391,0.7046,0.5397,0.6184,3
0.8984,49.886,0.5322,0.2879,0.8347,2
0.9775,50.1431,0.4206,0.3004,0.1437,0
0.9597,49.6366,1.9293,0.3207,0.9498,1
0.8103,49.5244,0.5577,0.2994,0.7596,2
0.9938,49.9222,0.5497,0.4405,0.0983,0
0.9701,49.9907,0.2663,0.4357,0.102,0
0.9705,49.9374,0.2603,0.8162,0.1041,0
0.9385,51.65,0.3717,0.388,0.7964,3
0.9106,49.5694,1.9247,0.4566,0.8709,1
1.0018,49.8034,0.525,0.5641,0.1084,0
0.9536,49.4313,1.6654,0.2869,0.9586,1
0.9402,49.4127,1.6304,0.5853,0.7258,1
0.8998,49.4512,1.5489,0.4404,0.8885,1
0.8857,49.8214,1.0935,0.2975,0.6207,2
0.9228,49.1509,0.6351,0.0969,0.8027,4
0.9196,49.0789,1.6997,0.4376,0.8113,1
1.0292,50.1736,0.266,0.8165,0.0853,0
0.8601,49.3555,0.8297,0.3962,0.5292,2
0.8581,49.2097,0.4239,0.0091,0.8052,4
0.8844,49.5701,0.8603,0.0635,0.631,4
0.9145,49.1221,0.4502,0.0119,0.8644,4
0.9229,49.2735,1.7806,0.5338,0.8724,1
0.9886,49.975,0.6767,0.4432,0.0367,0
0.9439,48.0715,0.7663,0.5948,0.479,3
1.0125,50.0806,0.2819,0.8718,0.0785,0
0.8184,49.3142,1.0468,0.1806,0.8546,2
0.9901,49.9717,0.4619,0.4578,0.1463,0
0.9998,50.0043,0.2277,0.8156,0.025,0
0.9004,49.072,1.7443,0.4891,0.6914,1
0.8503,49.687,0.4074,0.0069,0.6138,4
0.8943,49.6722,1.4212,0.5212,0.8856,1
0.9569,51.8906,0.524,0.6956,0.6572,3
1.0001,50.1608,0.2897,0.7826,0.1472,0
0.9383,51.067,0.8914,0.3964,0.6489,3
0.9921,49.9166,0.5923,0.7437,0.0364,0
0.8651,49.644,1.0408,0.1586,0.8602,2
0.892,49.6527,1.4143,0.4166,0.8544,1
1.0271,49.8006,0.5287,0.8094,0.1091,0
0.9823,50.1932,0.4099,0.8767,0.1459,0
0.9369,49.0651,1.9528,0.5589,0.8079,1
0.8504,49.8731,0.9065,0.2516,0.7549,2
0.939,48.5655,0.975,0.3421,0.5174,3
0.9019,49.5537,1.0823,0.1979,0.6811,2
0.886,49.1419,1.868,0.4339,0.6622,1
0.916,49.2198,1.4724,0.3433,0.9081,1
0.967,50.8559,0.4103,0.6116,0.7719,3
0.8548,49.6687,0.5967,0.0137,0.5617,4
0.8436,49.2441,0.7092,0.346,0.5695,2
1.0326,48.7152,0.3663,0.2611,0.7572,3
0.9707,50.1321,0.6913,0.3784,0.1236,0
0.8755,50.0438,0.5588,0.2758,0.867,2
0.9713,49.8258,0.6512,0.5661,0.0193,0
0.8135,50.0481,0.5354,0.3772,0.6733,2
0.9895,51.2547,0.5478,0.745,0.5237,3
1.036,51.5049,0.472,0.3771,0.5854,3
0.9075,49.0702,0.6298,0.0629,0.7392,4
0.8799,49.7953,0.7262,0.0029,0.6221,4
0.8528,49.9033,0.7408,0.2697,0.6286,2
0.8198,49.487,0.6533,0.3687,0.8114,2
1.0185,49.9887,0.3787,0.6504,0.0349,0
0.888,49.4598,1.5599,0.5265,0.9669,1
1.0158,50.1791,0.4878,0.8896,0.0583,0
0.8941,49.4148,1.8837,0.4791,0.9656,1
1.0122,49.9407,0.4838,0.3853,0.1423,0
0.9951,50.7494,0.3393,0.561,0.409,3
0.9301,48.2619,0.3913,0.6302,0.8135,3
0.8066,49.3329,0.9933,0.1425,0.5444,2
0.9533,49.7684,0.6242,0.1413,0.628,4
0.9902,49.929,0.6879,0.7394,0.0655,0
1.0079,51.9594,0.7855,0.7573,0.7541,3
0.9332,49.5701,1.627,0.4936,0.7178,1
0.9383,49.6642,1.9692,0.3566,0.9977,1
0.8539,49.4819,0.9526,0.1451,0.5494,4
0.8625,49.3969,0.5987,0.0117,0.6061,4
0.8185,49.9968,0.5621,0.3127,0.7556,2
0.8491,49.4387,0.6747,0.1203,0.6027,2
1.0132,49.8193,0.4191,0.5518,0.025,0
0.9892,51.4098,0.371,0.4877,0.7888,3
0.893,49.0516,1.9075,0.318,0.7275,1
0.9745,49.868,0.3877,0.7392,0.0821,0
0.9903,50.1941,0.6466,0.7227,0.0647,0
0.9286,49.3039,1.4321,0.3324,0.9898,1
1.0137,48.949,0.4857,0.3689,0.5069,3
0.9936,50.0199,0.4455,0.3327,0.0006,0
0.9877,50.0648,0.5001,0.4198,0.0039,0
0.9311,49.6839,1.6841,0.2462,0.914,1
0.9887,48.1185,0.6809,0.3109,0.7985,3
0.8205,49.2402,0.8078,0.179,0.8348,2
0.8574,49.6018,0.8005,0.0129,0.6047,4
0.8997,49.6052,0.5365,0.0091,0.6242,4
0.9002,49.4284,0.9201,0.0712,0.8467,4
0.9659,51.8101,0.3243,0.5427,0.6326,3
0.9313,49.4962,0.4722,0.1136,0.5278,4
0.9578,49.5659,1.4757,0.3693,0.9953,1
0.9542,48.1922,0.7165,0.3918,0.7272,3
0.9752,50.0225,0.476,0.814,0.078,0
1.0172,50.0492,0.4613,0.5518,0.0622,0
0.9253,49.4079,1.9789,0.2401,0.6423,1
1.0171,50.147,0.6401,0.8267,0.0396,0
0.9986,50.9239,0.5821,0.5709,0.7064,3
0.9347,48.4309,0.4663,0.6474,0.8144,3
0.8022,49.9356,0.7121,0.1841,0.6966,2
1.0283,49.8912,0.3502,0.7462,0.1161,0
0.8296,49.5751,0.9519,0.1564,0.5846,2
1.0189,49.1273,0.8747,0.5092,0.4715,3
0.8781,49.563,1.0464,0.2573,0.7275,2
0.8954,49.5831,1.9022,0.2998,0.7826,1
0.8775,49.4466,1.0765,0.2515,0.7542,2
1.0109,49.8968,0.4444,0.5677,0.1441,0
1.0004,50.9126,0.9261,0.6494,0.71,3
0.803,49.2447,1.0977,0.3339,0.5857,2
0.9318,49.4744,1.5615,0.3638,0.608,1
0.9984,49.8529,0.2866,0.7805,0.0336,0
0.9466,49.2444,0.9802,0.0964,0.6407,4
1.0322,50.9837,0.5115,0.5124,0.6806,3
0.8623,49.4092,0.7974,0.1265,0.6184,4
0.9231,49.2388,0.4649,0.0096,0.8948,4
0.8948,49.435,0.9978,0.3677,0.6195,2
0.9214,49.1682,1.4341,0.5429,0.924,1
1.0093,48.9377,0.7588,0.7985,0.5167,3
0.9786,48.7579,0.9963,0.6896,0.5544,3
0.9349,49.4468,1.6854,0.5763,0.7434,1
0.893,49.9566,1.1135,0.1543,0.539,2
0.9393,49.5076,1.7354,0.565,0.9788,1
0.872,49.4,0.6563,0.3614,0.6682,2
0.8409,49.727,0.8246,0.1353,0.5215,2
0.9196,49.4965,0.6833,0.0292,0.5039,4
0.9936,51.8321,0.4055,0.7954,0.5542,3
0.9571,49.7893,0.4859,0.1294,0.5312,4
0.9993,50.0524,0.2884,0.6807,0.0007,0
0.823,49.8962,0.9034,0.1475,0.8141,2
0.9778,49.9735,0.4147,0.5574,0.0716,0
0.9723,49.8798,0.3866,0.3084,0.0483,0
0.8729,49.5414,0.776,0.0373,0.7621,4
0.8343,49.2924,0.8523,0.1918,0.5261,2
0.9879,49.9163,0.5639,0.6578,0.0507,0
0.9074,49.631,1.6156,0.2754,0.9792,1
0.9323,51.9803,0.4478,0.2131,0.6271,3
0.992,50.0602,0.2187,0.8259,0.0384,0
0.9248,49.4751,0.4288,0.0162,0.8263,4
1.0114,49.9667,0.3901,0.6284,0.0712,0
0.8964,49.48,1.4056,0.3683,0.6404,1
0.8824,49.4845,0.4823,0.1246,0.4972,4
0.8641,49.0912,0.4638,0.0298,0.5399,4
0.8915,50.0758,0.7505,0.2229,0.5641,2
0.9096,49.1662,0.9599,0.0496,0.4512,4
1.0244,50.1341,0.5345,0.3895,0.0135,0
0.859,49.5789,0.9429,0.0967,0.6555,4
0.8291,49.2451,1.0692,0.3622,0.8409,2
0.8882,49.4814,1.017,0.1285,0.8033,2
0.9706,49.8554,0.5236,0.4972,0.1342,0
0.8822,49.5865,0.6236,0.0514,0.5012,4
1.0455,51.2014,0.8955,0.6799,0.692,3
0.889,49.4873,1.4352,0.577,0.6638,1
1.0393,51.4396,0.6067,0.5668,0.7506,3
0.8535,49.5476,0.9031,0.146,0.5088,4
0.9436,50.7598,0.4831,0.3885,0.7171,3
0.9421,49.4613,0.739,0.1467,0.7514,4
0.8571,49.8194,0.9328,0.2299,0.7907,2
0.9715,48.5003,0.8873,0.535,0.8445,3
0.9707,50.1737,0.4528,0.5816,0.0744,0
0.886,49.3442,1.5445,0.5881,0.6201,1
0.924,49.265,1.8903,0.2315,0.7777,1
0.9038,49.6853,0.6682,0.0178,0.6738,4
0.9762,49.9649,0.4786,0.3001,0.0136,0
0.9656,49.51,0.9341,0.0843,0.7446,4
1.044,50.7706,0.456,0.4727,0.6521,3
0.922,49.5733,0.618,0.0679,0.4938,4
0.8802,49.2486,1.7802,0.52,0.8191,1
0.8772,49.2412,0.6149,0.1421,0.7867,2
0.9428,48.2438,0.9512,0.4357,0.6057,3
0.9373,49.0754,1.6487,0.5707,0.935,1
0.8648,49.7134,0.6744,0.0884,0.6769,4
0.9305,48.7192,0.603,0.5511,0.816,3
0.9353,49.1216,1.8891,0.2414,0.863,1
0.9559,49.4033,0.6308,0.1469,0.8622,4
0.9019,49.6745,1.9823,0.3811,0.6533,1
1.0023,48.666,0.8902,0.5287,0.5413,3
0.9259,49.1607,0.7745,0.0436,0.6054,4
0.9585,49.4551,1.975,0.4016,0.8777,1
0.8781,49.8847,0.8936,0.2748,0.8771,2
1.0109,48.6941,0.9142,0.4534,0.4057,3
0.9715,49.8581,0.5351,0.4199,0.1125,0
0.9587,49.4784,1.4879,0.2248,0.9137,1
0.9403,49.0226,1.8884,0.241,0.9472,1
0.9538,49.5939,0.7368,0.0356,0.8029,4
0.8762,49.2423,0.7671,0.225,0.8152,2
0.9062,49.2484,1.0206,0.1609,0.8475,2
1.0296,48.916,0.7533,0.6531,0.646,3
0.8736,49.5799,0.5161,0.0673,0.8926,4
0.9812,49.8695,0.4569,0.5263,0.0643,0
0.8817,49.1287,0.9076,0.0008,0.6598,4
0.8832,49.65,1.7581,0.5095,0.8501,1
0.854,49.7154,0.7507,0.3352,0.6271,2
0.9566,49.3644,1.8718,0.2637,0.8172,1
0.941,50.9774,0.5323,0.4165,0.4983,3
0.9137,49.7973,0.8942,0.1472,0.454,4
0.849,50.014,0.9296,0.2863,0.8836,2
0.842,49.9166,0.5794,0.177,0.7896,2
1.0247,50.1288,0.3875,0.7817,0.0668,0
0.9878,50.0606,0.3602,0.3494,0.0144,0
0.914,49.5015,0.5265,0.0944,0.5459,4
1.0303,51.7774,0.915,0.6448,0.5959,3
1.0148,49.8615,0.4296,0.499,0.0131,0
0.9807,49.9008,0.2352,0.793,0.1366,0
0.9766,48.5629,0.3118,0.604,0.6407,3
0.8576,49.5968,0.4273,0.1272,0.611,4
0.8627,49.6295,0.5808,0.013,0.7944,4
0.9758,48.0401,0.4094,0.3319,0.736,3
0.8854,49.5072,0.5788,0.133,0.8844,4
0.9053,49.21,1.1123,0.1424,0.5167,2
0.9216,49.4297,0.9682,0.0457,0.7867,4
0.8233,50.0151,1.096,0.1427,0.5736,2
0.9502,49.1555,0.5088,0.1199,0.8335,4
0.9054,49.4397,0.5744,0.0101,0.4942,4
0.9085,49.2647,0.4769,0.0983,0.495,4
0.8584,49.1548,0.6915,0.0493,0.7467,4
0.8683,49.4535,0.8846,0.1438,0.5259,4
0.8271,49.3994,1.0179,0.2308,0.836,2
0.9344,49.2321,1.688,0.3781,0.9099,1
0.9962,51.4886,0.8893,0.7152,0.463,3
0.8736,49.5868,0.776,0.1091,0.8514,4
0.9258,49.6501,0.7473,0.1154,0.5457,4
1.0031,50.0174,0.6994,0.5833,0.1163,0
0.8432,50.0023,0.9127,0.3571,0.5536,2
0.9112,49.3174,0.7013,0.0994,0.8316,4
0.9321,49.6058,0.4842,0.0239,0.7049,4
0.9291,49.7742,0.8416,0.0725,0.6115,4
0.9409,49.1622,1.5586,0.2936,0.8674,1
0.9589,49.289,0.6818,0.0682,0.4709,4
0.8114,50.0716,0.9435,0.182,0.7968,2
0.9153,49.1391,0.7922,0.0548,0.744,4
1.001,49.9505,0.6536,0.6098,0.0529,0
0.8536,49.6339,0.9229,0.2506,0.5556,2
0.8984,49.3602,1.5685,0.2601,0.6629,1
0.9361,49.0947,0.5382,0.1217,0.7741,4
1.011,51.468,0.7531,0.4465,0.5097,3
0.9259,49.1128,1.7777,0.2157,0.8289,1
0.98,50.169,0.4583,0.5433,0.1454,0
1.0227,50.0912,0.6107,0.8684,0.0325,0
0.9691,49.6938,0.5023,0.1246,0.7204,4
0.9485,49.1455,0.7958,0.0397,0.7759,4
0.9015,49.7369,0.5482,0.2135,0.5529,2
0.9821,50.1438,0.4522,0.5519,0.0224,0
0.9806,50.1606,0.4999,0.8267,0.0797,0
0.9756,50.0638,0.651,0.6236,0.0002,0
0.9926,50.7565,0.6709,0.3377,0.761,3
0.9721,49.1802,0.886,0.5457,0.5915,3
0.8525,49.4093,1.1013,0.185,0.8507,2
0.9609,51.6667,0.305,0.5135,0.6339,3
1.0085,48.4107,0.5536,0.2929,0.6932,3
0.8287,49.6825,0.8953,0.2836,0.8967,2
1.0206,51.7189,0.6377,0.4221,0.6497,3
0.9087,49.7199,1.0419,0.2194,0.5552,2
1.0149,49.9786,0.5497,0.3971,0.0322,0
1.0243,48.7982,0.7792,0.2312,0.5751,3
1.0183,50.1293,0.4358,0.6601,0.0132,0
0.8244,49.272,0.5264,0.2153,0.8938,2
0.9287,49.2292,0.9781,0.0086,0.7981,4
0.9312,49.3073,1.521,0.4628,0.9216,1
0.8214,49.9056,0.8574,0.3095,0.7461,2
0.9916,50.062,0.6878,0.3521,0.0414,0
0.9724,51.4619,0.6624,0.6422,0.4309,3
1.003,50.0905,0.4796,0.6498,0.0521,0
0.8249,50.0668,0.8183,0.2212,0.5019,2
0.9126,49.0745,1.4434,0.3177,0.9788,1
0.9648,49.7009,0.8879,0.0862,0.7624,4
0.9976,48.9847,0.9729,0.4753,0.6073,3
0.9534,49.3856,0.5547,0.0574,0.8049,4
0.9342,49.161,1.5894,0.5822,0.8066,1
1.012,49.9053,0.3436,0.5394,0.1123,0
0.8084,50.0383,0.8336,0.2061,0.8577,2
0.8201,49.8715,1.1512,0.1571,0.7948,2
0.9388,49.6109,1.5241,0.2811,0.6999,1
0.8927,49.6232,0.4719,0.0118,0.8801,4
1.0037,48.7039,0.3296,0.4894,0.6793,3
1.0378,48.7469,0.4923,0.3097,0.7439,3
0.8836,49.1777,0.746,0.0081,0.8097,4
1.0428,51.1515,0.9023,0.6655,0.6057,3
1.0119,49.984,0.5446,0.3071,0.0316,0
0.8621,49.2893,0.9171,0.0281,0.5683,4
0.8518,49.7518,0.7561,0.2496,0.5842,2
0.8402,49.5605,0.8155,0.2714,0.8917,2
0.9451,49.5046,1.8825,0.4221,0.9425,1
0.8917,49.6714,1.4897,0.5223,0.6706,1
0.9461,48.8198,0.6738,0.3894,0.619,3
0.8618,49.7111,0.7789,0.3072,0.524,2
0.8524,49.7669,0.8149,0.2004,0.6444,2
0.9169,49.648,0.6065,0.0618,0.608,4
0.8739,49.4607,0.7895,0.0262,0.8011,4
0.8358,49.6594,1.0423,0.2341,0.5314,2
0.8844,49.5054,0.4869,0.0251,0.8135,4
0.8464,49.7511,0.7833,0.3721,0.5316,2
0.8251,49.4852,0.7039,0.1802,0.7579,2
0.8976,49.9029,1.1571,0.3244,0.7084,2
0.9797,50.73,0.8094,0.5972,0.8232,3
0.9826,49.9588,0.2478,0.8621,0.071,0
0.9716,49.9588,0.5825,0.35,0.0394,0
0.8867,49.6521,1.6339,0.2917,0.895,1
1.0052,51.7901,0.32,0.5981,0.7872,3
0.8951,49.6205,1.1096,0.3805,0.7194,2
0.9576,49.4883,1.5062,0.439,0.8524,1
0.9022,49.5118,0.7203,0.1363,0.6667,4
0.9444,49.3093,1.6195,0.3039,0.7214,1
1.0014,50.1033,0.2682,0.4721,0.0803,0
1.0436,50.7119,0.6013,0.3758,0.504,3
1.0029,49.8754,0.6411,0.5623,0.0375,0
1.0294,50.803,0.7377,0.51,0.76,3
0.9469,49.5477,0.5708,0.1114,0.814,4
0.9526,50.8776,0.3772,0.4732,0.6037,3
0.909,49.2565,0.4913,0.1455,0.46,4
0.9869,49.85,0.4192,0.3049,0.0135,0
0.9996,49.9368,0.3558,0.7797,0.1497,0
1.0136,50.8043,0.8254,0.2877,0.5199,3
0.9386,50.9498,0.8891,0.6904,0.7727,3
1.0285,50.0859,0.3924,0.885,0.0371,0
0.982,50.0941,0.247,0.6996,0.0313,0
1.0118,51.12,0.7404,0.2253,0.8218,3
0.8647,49.385,0.5793,0.0541,0.4734,4
0.9579,49.1652,1.6605,0.206,0.9178,1
0.8644,49.6313,0.4054,0.0063,0.8026,4
1.0126,51.702,0.4741,0.5,0.7087,3
0.9024,50.0973,0.9376,0.1179,0.7578,2
0.945,49.1007,0.5396,0.1473,0.8049,4
0.8886,49.5948,0.6351,0.3068,0.6433,2
0.9001,49.0276,1.824,0.4236,0.8171,1
0.9528,51.152,0.8127,0.3652,0.7741,3
0.8692,49.4249,0.6696,0.1229,0.6937,4
0.9301,48.4928,0.4299,0.2112,0.7856,3
0.8787,49.5768,0.795,0.0808,0.6244,4
0.932,49.6126,0.4925,0.0425,0.6344,4
0.8122,49.6709,0.5467,0.3506,0.5519,2
0.9821,49.9941,0.2494,0.6426,0.1254,0
0.9931,48.3327,0.5564,0.5636,0.4319,3
0.9325,49.6499,1.8992,0.3872,0.8556,1
0.8614,50.0444,0.7912,0.2107,0.7834,2
0.8819,49.0325,0.4422,0.0456,0.8751,4
0.8617,49.5801,0.719,0.0284,0.6868,4
0.9256,49.6633,1.7351,0.4233,0.8984,1
0.893,49.367,0.7991,0.1324,0.5251,4
0.924,49.3533,1.7945,0.4136,0.84,1
0.8993,49.6951,1.1978,0.3535,0.6649,2
1.0291,51.0129,0.6819,0.425,0.6476,3
0.8396,49.6072,1.1719,0.1001,0.5139,2
0.8655,49.6658,1.1954,0.1906,0.6201,2
0.8972,49.2204,1.8629,0.5773,0.9289,1
0.9114,49.4565,0.743,0.0141,0.6572,4
0.8911,49.257,1.7493,0.2932,0.9244,1
1.0042,50.0276,0.3087,0.3463,0.0487,0
0.9507,48.8965,0.7034,0.7446,0.6679,3
0.8041,49.9275,0.7671,0.334,0.8687,2
0.8383,49.9354,0.7916,0.3603,0.8479,2
0.9398,49.5946,1.9572,0.4536,0.8529,1
0.9883,49.8165,0.47,0.3897,0.0754,0
0.8923,49.4715,1.9984,0.5884,0.9011,1
0.9106,49.1777,0.5739,0.0591,0.5095,4
0.9986,50.0981,0.4741,0.4575,0.0598,0
1.0229,50.8753,0.6915,0.4927,0.6935,3
0.9249,49.698,1.7145,0.2969,0.7065,1
0.9688,48.1165,0.7702,0.4541,0.5567,3
0.8379,49.7899,1.0388,0.1508,0.6399,2
1.0048,51.9015,0.4634,0.6112,0.4702,3
0.9767,49.8218,0.6745,0.856,0.1303,0
0.8015,49.8244,0.5779,0.235,0.5091,2
0.9392,49.1483,1.7279,0.5001,0.8195,1
0.9376,49.1131,0.8193,0.0028,0.7124,4
0.8552,49.1363,0.5704,0.1184,0.7281,4
0.9979,50.1781,0.2333,0.6962,0.0994,0
0.8951,49.2172,1.1072,0.2948,0.5925,2
0.991,49.175,0.6393,0.5583,0.4396,3
0.9201,49.3206,1.9558,0.2086,0.699,1
0.8866,49.3919,0.8466,0.0028,0.7579,4
0.8688,49.4126,1.1848,0.2504,0.8248,2
0.8967,50.0014,1.0704,0.1088,0.722,2
0.8248,49.5076,0.775,0.1412,0.792,2
0.9653,49.49,0.7753,0.0341,0.5582,4
0.9141,49.2187,1.7632,0.3797,0.6527,1
0.9265,49.4788,1.5214,0.2552,0.8754,1
0.9591,49.3441,0.9454,0.1155,0.7453,4
0.9601,49.254,0.7344,0.1423,0.5033,4
0.8923,49.331,0.5206,0.1956,0.8892,2
0.9664,49.0682,0.7458,0.643,0.4684,3
0.8885,49.1293,1.8575,0.4448,0.7067,1
0.9235,49.4771,0.5385,0.0039,0.4858,4
0.9461,48.6094,0.7547,0.3104,0.5744,3
0.9465,50.7419,0.8352,0.209,0.5214,3
0.9567,48.2637,0.4432,0.3062,0.8296,3
1.0341,51.1224,0.6203,0.3481,0.5822,3
1.0065,50.1297,0.5601,0.5365,0.1409,0
0.9213,49.4202,0.9255,0.118,0.6843,4
0.9848,49.1411,0.472,0.5227,0.8427,3
1.0035,50.0065,0.5153,0.3296,0.0437,0
1.0361,48.3717,0.4165,0.3767,0.8136,3
0.9584,49.3709,0.7877,0.0136,0.6753,4
0.9423,49.6565,1.8177,0.2541,0.7654,1
0.933,51.8656,0.9271,0.7295,0.4406,3
0.8761,50.0164,1.0575,0.3155,0.5494,2
1.0124,50.0536,0.2427,0.7244,0.109,0
0.9234,49.1279,0.7302,0.0066,0.5269,4
0.8622,49.7936,0.6051,0.3606,0.5715,2
0.9952,49.9238,0.5843,0.5678,0.094,0
1.0239,50.1842,0.2018,0.7592,0.0018,0
1.0326,48.0075,0.9179,0.3427,0.665,3
0.9844,51.4816,0.3046,0.7293,0.5252,3
0.9484,49.1661,0.5109,0.0083,0.6071,4
0.9483,49.4669,1.9028,0.3194,0.9682,1
0.9765,50.1975,0.2807,0.4706,0.0991,0
0.9187,49.4497,0.9798,0.1124,0.6121,4
0.9756,49.9197,0.3843,0.5274,0.0102,0
1.0312,51.3121,0.3854,0.7156,0.5481,3
0.993,48.7957,0.3765,0.6378,0.683,3
0.999,50.0755,0.6669,0.8918,0.0431,0
0.9517,49.2077,0.7451,0.0935,0.8672,4
0.9175,49.4158,0.7791,0.0739,0.531,4
0.8779,49.2324,0.5161,0.0177,0.6592,4
1.0142,49.8829,0.5077,0.5488,0.0068,0
0.8616,49.7738,0.5079,0.1604,0.6127,2
0.9885,50.0027,0.362,0.3037,0.1029,0
0.8436,49.712,1.1721,0.3496,0.5776,2
0.9015,49.6312,0.8322,0.1107,0.5543,2
0.9302,49.6244,1.7222,0.334,0.9136,1
1.0413,51.3774,0.6955,0.6069,0.6498,3
0.9825,50.0742,0.5998,0.8328,0.053,0
0.9024,49.0218,1.9902,0.4506,0.937,1
0.9227,49.1499,0.4701,0.1174,0.5887,4
0.8781,49.4443,0.5608,0.3631,0.6486,2
0.8238,49.4721,0.5786,0.3355,0.8111,2
0.9966,49.81,0.4413,0.6,0.0285,0
1.0179,49.0082,0.4003,0.7231,0.77,3
0.9312,49.1062,0.8347,0.0689,0.7712,4
0.8639,49.2488,0.4264,0.1272,0.8423,4
0.8514,49.2415,0.8644,0.2977,0.625,2
0.941,49.5111,0.5259,0.0301,0.579,4
0.8883,49.3529,0.4706,0.0224,0.5731,4
1.0275,50.0239,0.2512,0.6255,0.0824,0
0.8156,49.8339,0.6983,0.1734,0.5285,2
0.9571,49.4325,0.4304,0.0043,0.8565,4
0.9764,49.8215,0.4132,0.4074,0.0894,0
0.9255,49.5521,0.6675,0.0533,0.5995,4
0.937,49.4696,1.7201,0.5895,0.9023,1
0.9981,51.7431,0.789,0.2584,0.5397,3
0.9865,48.1868,0.927,0.3548,0.5636,3
0.936,49.4656,1.8733,0.553,0.7813,1
0.9739,49.8452,0.4393,0.8075,0.0423,0
0.8665,49.3147,0.5721,0.3453,0.8187,2
0.8612,49.2638,0.7115,0.2383,0.7362,2
0.9297,49.3836,1.9843,0.3535,0.7363,1
0.9017,49.7842,0.7403,0.0513,0.7624,4
0.933,49.0545,1.9585,0.4297,0.7947,1
0.9215,49.2603,0.4586,0.0668,0.5886,4
0.9384,51.7583,0.8399,0.4273,0.6224,3
0.9754,50.1268,0.6436,0.842,0.0954,0
1.0154,50.0644,0.4265,0.4749,0.0923,0
0.9535,48.4116,0.6992,0.7479,0.537,3
1.0161,49.2874,0.7079,0.5669,0.6297,3
0.9482,49.0437,1.9406,0.5872,0.6003,1
0.9485,49.2874,0.9167,0.1299,0.5559,4
0.8973,49.2545,0.6297,0.0572,0.6953,4
0.918,49.1318,1.6308,0.5698,0.936,1
0.9031,49.6109,1.4753,0.2046,0.8594,1
0.9377,49.3407,1.662,0.5961,0.6339,1
1.0332,48.904,0.9512,0.5739,0.6045,3
0.9962,51.1619,0.4301,0.5627,0.6601,3
0.937,49.1885,1.9559,0.4305,0.6134,1
1.0041,50.082,0.2566,0.5889,0.1036,0
0.9384,49.3685,1.9156,0.5002,0.7118,1
0.8594,49.7119,0.4531,0.0709,0.7838,4
1.011,50.0157,0.4898,0.6678,0.1355,0
0.9434,49.3751,0.7076,0.0704,0.7802,4
0.9723,48.383,0.4173,0.617,0.6689,3
0.88,49.7073,0.543,0.2419,0.5676,2
1.0094,49.9167,0.5687,0.3164,0.0727,0
0.9204,49.596,1.5667,0.253,0.7124,1
0.8016,49.3004,0.6222,0.2775,0.5605,2
0.9744,51.7173,0.4653,0.3085,0.6373,3
0.9906,49.8338,0.2725,0.8604,0.0231,0
1.0203,51.1981,0.7625,0.6356,0.4753,3
0.9381,49.2761,0.7854,0.1133,0.5022,4
0.9171,49.3334,1.6858,0.5793,0.969,1
0.9104,49.4939,1.6848,0.2581,0.9481,1
0.9873,50.1189,0.391,0.4894,0.0795,0
0.9758,50.0125,0.3769,0.8065,0.0916,0
0.8368,49.4404,0.5688,0.2963,0.6565,2
0.9387,49.4121,1.517,0.335,0.8761,1
0.9051,49.0074,1.4051,0.2272,0.7645,1
0.8625,49.3568,0.5316,0.0425,0.5369,4
1.0072,49.8228,0.4971,0.8364,0.0325,0
0.9266,49.5665,0.472,0.1285,0.5085,4
0.9464,49.1478,0.4665,0.0276,0.5826,4
1.0083,50.1691,0.3382,0.5562,0.1355,0
0.8283,49.9027,0.6941,0.1187,0.6554,2
0.9855,50.1251,0.289,0.3416,0.1469,0
0.9288,49.1249,1.6952,0.2575,0.9075,1
0.9291,49.0744,1.6649,0.3036,0.6139,1
1.0043,49.9002,0.4229,0.8379,0.0223,0
1.026,50.0658,0.3332,0.72,0.1357,0
0.8504,49.5661,0.8626,0.0717,0.6318,4
1.0024,49.8013,0.6771,0.7908,0.0723,0
0.9142,49.7933,0.6001,0.0454,0.4748,4
0.9919,50.1413,0.37,0.8047,0.1141,0
0.8713,49.359,0.5275,0.2152,0.5764,2
1.0376,48.467,0.3594,0.5797,0.7309,3
0.8829,49.0178,1.9978,0.2954,0.7555,1
0.9272,49.3997,0.979,0.1218,0.885,4
0.9722,49.8224,0.5939,0.3257,0.0177,0
0.905,49.5425,0.9246,0.0223,0.7107,4
0.9722,49.8566,0.5269,0.5827,0.1377,0
0.9846,50.0595,0.2072,0.6796,0.1357,0
0.9974,49.8683,0.4955,0.7907,0.0159,0
1.0014,48.082,0.4418,0.4024,0.7762,3
0.9689,48.7488,0.3961,0.7019,0.7569,3
1.0056,49.9342,0.2604,0.3847,0.0623,0
0.8609,49.5948,1.148,0.1122,0.54,2
0.8951,49.1262,0.9278,0.0121,0.4533,4
1.0124,50.0375,0.3419,0.7161,0.1188,0
1.0131,51.5318,0.6662,0.4472,0.8221,3
0.933,49.477,0.8303,0.0918,0.4896,4
0.8383,49.2041,0.6649,0.1353,0.7121,2
1.0071,50.1451,0.6934,0.6045,0.0696,0
0.9021,49.1356,1.878,0.4741,0.9874,1
0.9897,51.8995,0.3378,0.4185,0.4943,3
0.8368,49.9246,1.0309,0.113,0.7962,2
0.8711,49.6284,0.691,0.0174,0.8528,4
1.0011,50.9584,0.7738,0.3954,0.7505,3
0.8251,49.4134,0.7888,0.16,0.8565,2
0.9983,49.9938,0.6452,0.387,0.1392,0
0.9514,51.2951,0.4359,0.4152,0.5214,3
0.814,49.823,0.5418,0.141,0.8407,2
0.9802,48.2858,0.5066,0.2941,0.7576,3
0.9587,49.4625,0.7317,0.0345,0.6353,4
0.9087,49.7965,0.7549,0.1255,0.5756,4
1.0183,51.1255,0.7056,0.7351,0.6663,3
0.9531,49.6288,1.6507,0.2177,0.9965,1
0.854,49.4249,0.6876,0.1197,0.8196,4
0.9894,51.679,0.7852,0.444,0.4981,3
0.8325,49.7829,0.5635,0.2439,0.6219,2
1.033,48.0317,0.6184,0.6631,0.7934,3
0.9522,48.8149,0.7927,0.2008,0.6823,3
1.0372,50.7425,0.5981,0.3619,0.8257,3
0.919,49.1657,0.8108,0.0931,0.6011,4
1.0009,50.164,0.382,0.3309,0.0574,0
1.0043,50.9278,0.6912,0.2402,0.7192,3
0.8911,49.2345,1.7238,0.4596,0.895,1
0.9545,49.5623,0.8519,0.1141,0.5942,4
0.8554,49.5806,0.5381,0.2118,0.681,2
0.9132,49.0982,0.8259,0.1017,0.6898,4
0.8497,49.5313,0.9713,0.308,0.8912,2
0.9813,50.1536,0.2437,0.5344,0.0268,0
0.9766,49.9104,0.5485,0.5978,0.1312,0
0.9643,49.0182,0.6499,0.1024,0.8693,4
0.9716,51.5381,0.5041,0.2378,0.7923,3
0.9468,49.3637,1.6015,0.4315,0.8623,1
0.8535,49.7993,0.8711,0.2645,0.6832,2
0.8658,49.6315,0.503,0.039,0.6679,4
0.8847,49.2426,0.7472,0.2368,0.5665,2
0.9369,49.1997,1.9839,0.5357,0.8771,1
0.8929,49.0818,1.9963,0.4298,0.7764,1
0.8203,49.7062,0.5243,0.1951,0.6375,2
0.8493,50.0779,0.8736,0.1364,0.51,2
1.0222,49.2062,0.4092,0.7821,0.6458,3
0.8898,49.5644,0.6843,0.0435,0.8748,4
0.93,49.6397,0.8371,0.1383,0.6024,4
1.0139,50.1601,0.2697,0.6306,0.0462,0
1.0041,51.1646,0.5285,0.5649,0.4878,3
0.8767,49.7485,0.5668,0.0034,0.6923,4
1.0112,49.2686,0.5761,0.4943,0.6714,3
0.9632,49.7268,0.6166,0.0222,0.8342,4
0.8425,49.211,0.7414,0.1924,0.6782,2
0.8605,49.5823,0.6665,0.1489,0.8117,4
0.818,49.8552,1.1284,0.3186,0.6657,2
0.9218,49.1149,0.5819,0.1483,0.6864,4
0.8073,50.0641,1.0293,0.1265,0.6638,2
0.8456,49.7002,0.9972,0.3266,0.5548,2
0.9466,49.2026,1.6944,0.5291,0.7208,1
0.8865,49.4474,0.6781,0.004,0.4511,4
0.833,49.7765,0.9456,0.1373,0.7664,2
0.8459,49.6427,0.9815,0.1734,0.5477,2
0.8542,50.0736,0.9192,0.2085,0.6922,2
1.0342,48.6189,0.786,0.2718,0.6306,3
0.8521,49.2076,0.749,0.0219,0.6575,4
0.9086,49.037,1.6167,0.4545,0.9821,1
0.9874,50.0118,0.6682,0.6083,0.115,0
0.9412,49.4191,1.5003,0.329,0.7265,1
0.8299,49.8282,0.7538,0.2603,0.6407,2
0.881,49.3627,1.6238,0.394,0.7361,1
0.8882,49.1082,1.5327,0.2754,0.9588,1
0.9328,49.762,0.9076,0.1069,0.766,4
0.995,50.1664,0.2583,0.3787,0.0026,0
0.8343,49.5263,1.0719,0.3669,0.7391,2
0.8189,49.4742,1.0211,0.1356,0.5515,2
0.935,49.2152,1.5259,0.5924,0.7699,1
0.9747,50.1099,0.5787,0.3255,0.0162,0
0.9212,49.3753,0.9451,0.0065,0.5857,4
1.0153,50.1129,0.66,0.4232,0.1352,0
0.9336,49.0205,1.4873,0.4985,0.711,1
0.8917,49.1284,0.7004,0.1093,0.5588,4
0.8582,49.6557,0.8579,0.0793,0.7721,4
0.8189,49.8786,0.503,0.3176,0.8697,2
0.9522,49.3798,0.8189,0.0278,0.7531,4
0.9809,49.9419,0.3898,0.4286,0.0341,0
1.0157,49.9257,0.433,0.6118,0.0744,0
0.8775,49.7014,0.5284,0.1984,0.5463,2
0.8503,49.8626,0.9809,0.3523,0.5903,2
0.9649,48.2454,0.3487,0.7046,0.6141,3
0.8197,50.0989,0.8442,0.1316,0.6752,2
0.9772,49.9579,0.5475,0.8865,0.1112,0
0.8852,49.6826,1.6032,0.438,0.9963,1
0.984,49.9699,0.4496,0.7589,0.1149,0
0.8828,49.6316,0.7863,0.06,0.6641,4
0.964,49.79,0.7068,0.0221,0.6546,4
0.985,49.9989,0.5142,0.3808,0.0149,0
1.0198,49.9993,0.2134,0.4075,0.0907,0
0.8168,49.7598,0.5674,0.123,0.8006,2
1.0251,51.5607,0.6432,0.357,0.5546,3
0.9156,49.7621,0.419,0.0646,0.8617,4
0.984,48.5753,0.3252,0.3061,0.6967,3
0.8973,49.3477,0.8015,0.1937,0.6556,2
1.0041,49.9962,0.4769,0.6236,0.0705,0
0.9525,49.4053,0.6348,0.0742,0.8869,4
0.9312,49.6132,0.5707,0.0092,0.7157,4
0.947,49.2442,1.8452,0.2108,0.9565,1
0.8419,49.5853,1.1944,0.2236,0.5226,2
0.8998,49.4537,1.7555,0.5642,0.6262,1
0.8126,49.3528,0.8769,0.1112,0.7631,2
0.9982,48.3466,0.7872,0.5528,0.8436,3
0.9984,50.827,0.6419,0.6145,0.4927,3
0.9903,48.4414,0.7304,0.418,0.5962,3
1.0063,48.0979,0.8952,0.3284,0.5193,3
0.9096,49.5618,0.6581,0.3229,0.5368,2
0.8614,49.2695,0.4404,0.1202,0.6639,4
0.9078,49.0537,1.8942,0.4019,0.72,1
0.8876,49.3315,0.5508,0.0773,0.7522,4
0.8717,49.0149,0.822,0.1294,0.7096,4
0.9329,49.5767,1.9629,0.3072,0.8552,1
0.9523,49.7255,0.9608,0.109,0.4769,4
0.9091,49.1034,1.4903,0.4741,0.7201,1
0.9792,49.1845,0.7437,0.7076,0.5201,3
0.8711,49.4308,0.9209,0.2218,0.5454,2
0.8822,49.5579,1.5863,0.3942,0.9965,1
1.0076,50.9072,0.3955,0.355,0.7616,3
0.8711,49.682,0.9783,0.0729,0.459,4
0.9888,49.9192,0.2318,0.8731,0.1345,0
0.9938,50.1359,0.6214,0.4416,0.0856,0
0.962,49.4176,0.8974,0.1425,0.8692,4
0.8546,49.2812,0.9199,0.332,0.6254,2
0.9385,49.6447,0.8464,0.1403,0.5481,4
0.9805,50.188,0.4197,0.4526,0.0884,0
0.994,48.1468,0.682,0.4849,0.5109,3
0.8967,50.0433,0.7541,0.3147,0.8285,2
1.0087,50.1621,0.2174,0.7437,0.1198,0
1.0114,50.1155,0.3198,0.6316,0.0464,0
0.8993,49.8167,0.8744,0.1709,0.677,2
1.0246,49.9572,0.689,0.4533,0.0135,0
0.9038,49.6016,1.4961,0.3755,0.7269,1
1.0247,50.8041,0.8456,0.495,0.7316,3
0.8789,49.9891,1.0742,0.3473,0.7794,2
0.858,49.3367,0.8375,0.0822,0.597,4
1.0157,50.0565,0.2919,0.566,0.0962,0
0.994,50.0513,0.3569,0.3493,0.0237,0
0.9356,49.6141,0.7895,0.0195,0.7173,4
1.0251,51.3219,0.8146,0.3564,0.7094,3
0.8879,49.3788,0.7901,0.1546,0.8506,2
0.8769,49.7585,0.9539,0.0971,0.732,4
1.0284,49.8793,0.5506,0.4013,0.0602,0
1.002,51.9454,0.4191,0.5403,0.4064,3
0.9022,49.736,0.6722,0.101,0.5033,4
0.8952,49.6034,1.8693,0.3152,0.7977,1
0.9145,49.1446,1.5293,0.5296,0.8907,1
0.9135,49.286,1.4876,0.3161,0.7047,1
0.9041,49.1987,0.7497,0.0971,0.4886,4
0.946,51.6009,0.7808,0.628,0.7188,3
0.8807,49.0762,0.4353,0.0499,0.5557,4
0.9096,50.0454,1.177,0.2795,0.7993,2
0.9703,50.0018,0.3905,0.8865,0.1007,0
0.9574,49.3917,1.7483,0.3041,0.8015,1
0.8966,49.3187,0.7221,0.2591,0.5567,2
0.9888,50.1914,0.4496,0.884,0.0422,0
0.9019,49.4546,1.1139,0.2839,0.8046,2
0.8569,49.5922,0.6155,0.3211,0.6965,2
0.9245,49.646,1.782,0.376,0.6756,1
0.9838,49.8143,0.3301,0.7236,0.0655,0
0.9349,51.6217,0.6396,0.4958,0.7806,3
0.8899,49.0655,1.9209,0.2723,0.6673,1
0.9487,49.4506,0.7979,0.0319,0.8991,4
1.0016,50.0283,0.4082,0.3461,0.1152,0
1.0232,49.8104,0.5407,0.7084,0.0591,0
0.9615,49.0849,0.5941,0.0043,0.6571,4
0.9845,48.7725,0.3041,0.7819,0.6953,3
0.969,48.9546,0.9702,0.5415,0.4951,3
1.0181,49.9132,0.5991,0.7463,0.0821,0
0.8958,49.3191,0.5068,0.1448,0.8395,4
0.9712,49.8833,0.3943,0.5414,0.0971,0
0.8896,49.3436,1.6594,0.5225,0.724,1
0.8658,49.5324,0.8992,0.0769,0.6703,4
0.9872,48.55,0.8295,0.6866,0.6762,3
1.0057,51.3673,0.9813,0.6059,0.6914,3
0.9545,49.3691,1.7883,0.2336,0.7873,1
1.0244,49.991,0.2743,0.3767,0.1354,0
0.9218,49.2068,1.4286,0.2306,0.618,1
1.0006,49.9652,0.4323,0.7322,0.1219,0
0.828,49.2736,0.8524,0.1342,0.7646,2
0.9429,49.59,1.4272,0.3665,0.8818,1
0.8646,49.6095,0.9692,0.2871,0.606,2
0.8969,49.0548,1.9893,0.3037,0.8694,1
0.9941,50.8517,0.4202,0.4863,0.7113,3
0.9371,49.2422,0.8879,0.0925,0.7608,4
1.0266,50.8756,0.4336,0.6896,0.7132,3
0.9487,49.1465,1.7892,0.4599,0.7743,1
0.8729,49.2407,0.6781,0.0711,0.4598,4
0.9522,49.5171,1.6672,0.394,0.6079,1
1.0002,51.4403,0.8837,0.2306,0.4035,3
1.0475,48.9582,0.7171,0.5326,0.5308,3
0.978,48.942,0.9547,0.743,0.7904,3
0.9371,49.3698,1.6532,0.3263,0.6254,1
1.0367,51.5095,0.7523,0.469,0.5963,3
0.903,49.1345,1.6063,0.2928,0.6879,1
0.9014,49.9681,1.0006,0.2405,0.8533,2
1.0452,48.875,0.8142,0.6776,0.7599,3
0.9297,49.1977,1.8496,0.4668,0.6516,1
0.8925,49.3445,1.8761,0.5772,0.7975,1
0.8968,49.0329,1.4109,0.5524,0.7428,1
0.894,49.6016,1.7021,0.5227,0.7351,1
1.0071,49.8483,0.312,0.4547,0.051,0
0.8846,49.8931,0.8899,0.3689,0.8414,2
0.9225,49.0833,0.4303,0.1419,0.8095,4
1.0285,50.1127,0.5048,0.815,0.0153,0
0.855,49.0843,0.778,0.1306,0.8599,4
0.9383,49.4957,1.8572,0.3994,0.9482,1
0.9318,49.2342,1.4827,0.5394,0.7756,1
1.0223,51.7853,0.6316,0.3721,0.4771,3
0.841,49.8794,0.7525,0.2995,0.5606,2
0.9006,49.1825,0.8811,0.062,0.6342,4
1.0442,48.8869,0.9606,0.4655,0.7466,3
0.9632,49.0678,0.5889,0.1473,0.5239,4
0.9936,49.8148,0.6613,0.3906,0.0862,0
0.9667,49.3354,0.9315,0.1051,0.8431,4
0.9,49.2071,0.6958,0.2583,0.8682,2
0.9835,51.4078,0.8518,0.5912,0.7139,3
1.023,48.1096,0.6762,0.434,0.7235,3
0.9216,49.3786,1.5282,0.4047,0.7249,1
0.8833,49.344,0.5195,0.339,0.737,2
0.9466,49.2128,1.6536,0.4021,0.8928,1
0.8286,49.6567,0.5867,0.327,0.8765,2
0.9658,48.5891,0.9881,0.6832,0.8451,3
0.9358,49.75,0.7993,0.1267,0.5552,4
0.8313,49.9063,1.0004,0.3017,0.7857,2
0.9385,49.0842,0.7099,0.0289,0.8003,4
0.9418,49.077,0.3574,0.2373,0.7998,3
0.9558,51.5799,0.5819,0.5354,0.7505,3
0.8643,49.7728,1.1976,0.3067,0.8791,2
1.0289,50.8653,0.7978,0.2776,0.717,3
0.8642,49.1701,0.684,0.112,0.8748,4
0.9014,49.3069,1.0966,0.1331,0.6478,2
0.8044,49.338,0.76,0.3973,0.6213,2
0.9334,51.7189,0.5952,0.7621,0.5373,3
0.8237,49.9372,0.8422,0.1367,0.6395,2
0.9951,50.0292,0.4829,0.8402,0.1172,0
1.0301,48.1727,0.397,0.5819,0.7428,3
0.9479,48.1161,0.7373,0.5742,0.5743,3
0.9707,51.5716,0.6102,0.3664,0.4398,3
0.9366,49.4004,1.8777,0.483,0.8244,1
1.0086,49.8341,0.6776,0.6251,0.1136,0
0.9126,49.6004,0.7016,0.0028,0.7462,4
0.8716,49.0152,0.8721,0.0368,0.7675,4
0.9033,49.6455,0.7641,0.0603,0.4702,4
0.9904,49.8722,0.212,0.6167,0.0573,0
0.9769,49.8397,0.2841,0.3864,0.0383,0
0.9793,50.1809,0.5393,0.3353,0.1442,0
0.8822,49.041,1.634,0.328,0.7651,1
0.8284,50.0474,1.1297,0.1156,0.5958,2
0.9203,49.3944,0.8514,0.0578,0.5018,4
0.9891,50.0212,0.2327,0.3173,0.095,0
0.9861,50.1854,0.5375,0.4478,0.0832,0
0.9044,49.2847,1.4503,0.4543,0.6814,1
0.9099,49.6897,1.8692,0.415,0.7695,1
0.9042,49.0008,0.6788,0.1244,0.5802,4
0.88,49.6535,1.6893,0.4391,0.9358,1
1.0499,48.2766,0.8885,0.3688,0.4726,3
0.9176,49.2405,0.6372,0.0184,0.5128,4
0.9699,49.7026,0.5265,0.0757,0.8109,4
0.8699,50.0817,0.9954,0.1819,0.7649,2
0.8376,49.6138,0.9197,0.1048,0.7767,2
1.0065,49.8017,0.2048,0.4041,0.0834,0
1.0215,49.0235,0.7544,0.2465,0.4139,3
1.0107,51.7566,0.8792,0.4148,0.4797,3
0.9775,49.9482,0.2965,0.3056,0.1115,0
0.8749,49.8383,0.6341,0.3449,0.7501,2
0.8987,49.3457,1.6178,0.3123,0.9618,1
0.8751,49.1569,0.8927,0.0594,0.8415,4
0.91,49.1364,0.5163,0.1108,0.7525,4
0.9178,49.0523,0.4769,0.0098,0.5668,4
0.9527,49.7048,0.8373,0.0411,0.8315,4
1.0295,50.0772,0.4665,0.4518,0.084,0
0.9302,51.575,0.755,0.7123,0.5453,3
0.9629,48.6066,0.553,0.6554,0.7977,3
0.8838,49.6429,1.7194,0.3265,0.7567,1
0.809,49.7146,0.5178,0.3212,0.8912,2
1.0449,48.2559,0.5305,0.2377,0.6814,3
0.9988,50.1232,0.4963,0.6758,0.0501,0
0.8272,49.6262,1.1712,0.3498,0.8287,2
0.9453,49.7548,0.8654,0.0929,0.7938,4
0.9995,50.7789,0.3233,0.388,0.7815,3
1.017,49.8248,0.6012,0.3329,0.0916,0
0.9379,48.727,0.5064,0.4289,0.4431,3
0.958,48.8576,0.3074,0.4304,0.7578,3
0.9243,49.2717,0.9626,0.1174,0.6543,4
0.8647,49.2972,0.5086,0.314,0.7372,2
0.9523,49.0882,1.7053,0.3422,0.7926,1
0.9034,49.1945,0.8782,0.0091,0.5903,4
0.9916,48.4651,0.7086,0.5247,0.4655,3
0.967,51.1795,0.3057,0.5519,0.7052,3
0.9842,50.1277,0.4797,0.3328,0.0516,0
0.9312,49.1409,1.441,0.2757,0.7903,1
1.002,51.4519,0.9741,0.5697,0.5884,3
0.8884,49.6133,1.9463,0.3984,0.968,1
0.9355,49.3266,1.5279,0.3923,0.9073,1
0.8888,49.5383,0.7802,0.3478,0.5027,2
0.9744,49.812,0.2576,0.4743,0.0292,0
0.9595,49.2879,0.9852,0.0299,0.5778,4
0.9508,49.5032,1.6039,0.4218,0.6714,1
0.9806,49.9047,0.2506,0.7989,0.0206,0
0.9903,49.8841,0.4281,0.5218,0.0559,0
0.9553,49.684,1.9986,0.5527,0.9514,1
0.9771,50.1531,0.2654,0.4138,0.0799,0
0.835,49.5866,0.9453,0.3763,0.8052,2
0.8727,49.4284,0.8738,0.0492,0.474,4
0.896,49.9664,1.1779,0.3658,0.5837,2
1.0171,50.1164,0.5074,0.4005,0.0582,0
0.8949,49.4151,0.5074,0.1069,0.6865,4
1.0159,51.0488,0.5807,0.7527,0.6628,3
0.9824,50.158,0.426,0.4406,0.0328,0
1.0366,49.2161,0.5619,0.5303,0.4604,3
0.9877,50.0075,0.3151,0.3247,0.0768,0
0.8469,49.6208,0.7863,0.3414,0.6268,2
0.933,51.0453,0.3531,0.7409,0.5325,3
0.9115,49.5149,0.8715,0.139,0.4943,4
0.9916,50.0184,0.3669,0.7051,0.0375,0
0.821,49.7436,0.5965,0.3565,0.7865,2
0.9595,49.0068,0.5797,0.1233,0.8024,4
1.0435,48.9851,0.3083,0.5925,0.8452,3
0.9492,49.1593,1.834,0.284,0.6935,1
0.9443,49.6061,0.8335,0.0692,0.8064,4
0.893,49.5859,1.1594,0.2253,0.6755,2
0.8536,49.1112,0.9243,0.0458,0.782,4
1.0272,48.4418,0.5934,0.6115,0.5815,3
0.886,49.4696,0.7405,0.0048,0.5126,4
0.8625,49.9192,1.1396,0.2722,0.6564,2
0.9545,51.3948,0.4318,0.2652,0.6563,3
1.0067,50.9229,0.7724,0.3066,0.7719,3
0.9086,49.1494,0.4417,0.1444,0.5777,4
0.9033,49.3671,1.6728,0.3475,0.6044,1
0.8946,49.5698,0.6099,0.1332,0.7146,2
1.0192,51.8747,0.4445,0.7223,0.5394,3
0.9491,48.4034,0.4421,0.6301,0.6065,3
0.8806,49.0999,1.4384,0.3597,0.923,1
0.8895,49.4554,0.6946,0.0694,0.4676,4
0.9873,50.1524,0.4282,0.7202,0.1067,0
0.843,49.9411,1.0949,0.2245,0.5718,2
0.938,49.3663,0.9465,0.0275,0.7059,4
1.0138,51.8512,0.4106,0.7295,0.642,3
1.0119,50.089,0.3086,0.5961,0.1489,0
0.8645,49.295,0.8532,0.0757,0.8008,4
0.9841,51.3579,0.6235,0.2439,0.7125,3
0.9757,49.1125,0.5777,0.2064,0.4516,3
0.9062,49.5241,1.6909,0.2273,0.8194,1
0.9371,49.3064,1.6825,0.3117,0.6645,1
1.0064,49.8709,0.2621,0.7449,0.0253,0
1.0106,49.8614,0.379,0.43,0.0052,0
0.8759,49.5574,0.9019,0.1217,0.7385,4
0.9934,49.9233,0.2262,0.3028,0.1159,0
0.9543,49.2623,1.5431,0.2366,0.7687,1
0.9902,49.8769,0.5345,0.4323,0.1323,0
0.9379,49.0308,1.7075,0.5262,0.7291,1
0.93,49.654,1.637,0.3712,0.693,1
0.9914,49.8694,0.4011,0.4897,0.0584,0
0.9564,48.362,0.7367,0.2264,0.7985,3
0.9662,49.278,0.3713,0.5217,0.8457,3
0.8706,49.7672,0.7599,0.1472,0.7633,4
0.9066,49.4447,1.9304,0.3272,0.9406,1
0.9381,51.8857,0.6142,0.5066,0.7338,3
0.9205,49.7907,0.5396,0.0925,0.8536,4
0.826,49.5856,0.6705,0.1238,0.555,2
0.9656,50.9657,0.3265,0.754,0.6691,3
1.0187,51.0616,0.7505,0.6563,0.6344,3
1.0078,50.7308,0.8929,0.3988,0.509,3
0.8565,49.7341,0.993,0.1202,0.7633,4
0.9286,49.267,1.593,0.3769,0.6024,1
0.9384,51.5247,0.3991,0.3225,0.4413,3
0.9159,49.6362,0.5226,0.0761,0.6418,4
0.9674,48.3184,0.4235,0.3494,0.5284,3
1.0461,51.8212,0.6368,0.7706,0.5618,3
0.9501,51.3569,0.8144,0.6562,0.7688,3
0.9324,51.8103,0.8312,0.7529,0.6678,3
0.9242,49.123,1.6283,0.3223,0.7133,1
0.9227,49.0576,0.482,0.0704,0.5196,4
0.8803,49.6032,1.8382,0.3497,0.7618,1
1.0428,48.4851,0.6427,0.5846,0.6647,3
1.0362,48.1618,0.9525,0.2974,0.7433,3
0.8848,49.8764,0.744,0.3127,0.754,2
0.8766,49.7858,1.1486,0.3207,0.5969,2
1.0253,49.9446,0.5533,0.317,0.0999,0
0.9009,49.3188,1.8086,0.3017,0.8409,1
0.881,49.5397,1.7866,0.5668,0.7591,1
0.9669,49.0643,0.946,0.1314,0.5246,4
0.9603,51.958,0.7609,0.4297,0.5386,3
1.0203,49.1302,0.3765,0.5436,0.7589,3
0.9015,49.1467,1.849,0.4796,0.6026,1
0.9453,49.0011,1.4419,0.4785,0.81,1
0.8806,49.3536,0.7623,0.3112,0.5792,2
0.9202,49.0772,1.7403,0.285,0.6804,1
0.9447,49.1343,1.9898,0.5486,0.7763,1
0.8631,49.5091,0.4479,0.0129,0.5061,4
0.9905,50.0343,0.4389,0.7037,0.0151,0
0.986,50.1821,0.5327,0.7735,0.0063,0
0.9218,49.0051,1.7618,0.5948,0.9045,1
0.9868,51.2583,0.5595,0.7341,0.8498,3
0.9553,49.4656,1.6271,0.2229,0.7424,1
0.8887,49.2028,1.1094,0.2205,0.8342,2
0.8821,49.086,1.7184,0.5804,0.9006,1
0.9095,49.4328,1.7953,0.3901,0.7653,1
0.8803,49.4467,1.9652,0.3289,0.8535,1
1.0282,50.0943,0.539,0.4401,0.0727,0
0.9453,49.2787,0.9635,0.1412,0.6643,4
1.0141,49.9175,0.2975,0.3859,0.078,0
0.9442,49.5733,0.419,0.0747,0.4892,4
0.9685,49.3734,0.9378,0.1433,0.667,4
0.8789,49.1693,0.852,0.099,0.4902,4
1.0492,51.9077,0.5286,0.4301,0.5262,3
0.8733,50.0564,0.9694,0.2996,0.8691,2
0.9409,49.1335,0.9522,0.6598,0.6703,3
0.8415,49.8457,1.0152,0.2145,0.7568,2
0.9659,49.3496,0.54,0.0389,0.5809,4
0.9753,50.0962,0.6686,0.7468,0.0174,0
0.814,49.482,0.7661,0.3211,0.6243,2
0.9143,49.6777,0.9879,0.0479,0.6143,4
0.9216,49.4211,1.5333,0.3581,0.8153,1
0.9679,48.3859,0.4532,0.608,0.4663,3
0.816,49.7988,1.0609,0.3109,0.7396,2
0.8553,49.8197,0.6914,0.3543,0.7296,2
0.9196,49.4929,1.626,0.5925,0.7333,1
0.9478,49.6541,1.535,0.4943,0.9693,1
0.9485,49.5092,1.5795,0.526,0.965,1
0.9593,49.3836,1.6024,0.4712,0.9961,1
0.9769,48.368,0.7875,0.3171,0.7853,3
0.9417,51.7287,0.9061,0.2325,0.8206,3
0.8503,49.3473,0.5963,0.3088,0.6164,2
0.8968,49.5631,1.5174,0.4605,0.7449,1
0.8622,49.6284,0.9151,0.0565,0.8922,4
0.9541,49.0672,1.9845,0.2719,0.621,1
0.928,49.4747,0.9818,0.094,0.6318,4
0.9771,49.9587,0.3513,0.6577,0.0259,0
1.0231,48.872,0.3627,0.4782,0.7682,3
0.963,48.4775,0.384,0.2496,0.6201,3
0.877,49.4695,0.9924,0.0719,0.7622,4
1.0177,49.8724,0.4421,0.6868,0.065,0
0.865,49.2602,0.8283,0.1293,0.6919,4
1.0275,51.4229,0.6755,0.6873,0.6199,3
0.9505,49.4312,0.8913,0.0978,0.7891,4
0.9573,49.6283,1.5084,0.4396,0.672,1
0.9037,49.2514,0.4235,0.0863,0.7437,4
1.0037,50.1406,0.2175,0.888,0.0759,0
0.9063,49.3544,1.184,0.2974,0.5993,2
1.0268,50.0078,0.5914,0.6955,0.0667,0
0.9089,49.2503,0.9465,0.1495,0.7228,4
0.8752,49.0792,0.8919,0.0356,0.5346,4
0.8942,49.3937,0.5939,0.2656,0.7367,2
0.8141,49.7601,0.5521,0.1765,0.6527,2
0.912,49.0583,1.5525,0.3701,0.8778,1
0.8745,49.5037,0.5616,0.095,0.7405,4
0.862,49.783,0.858,0.1492,0.8286,2
0.9092,49.5903,0.5181,0.2811,0.531,2
1.0019,50.0736,0.4034,0.4976,0.0133,0
0.8856,49.3317,1.0587,0.1821,0.5392,2
0.9103,49.0735,1.9554,0.2703,0.8913,1
0.8648,49.9261,0.5669,0.2047,0.7289,2
0.8607,49.7467,1.1276,0.1512,0.8786,2
0.9517,48.8812,0.8521,0.531,0.7969,3
0.9872,50.7123,0.6595,0.2933,0.4569,3
0.9981,51.894,0.7474,0.4221,0.7499,3
0.9002,49.3662,0.6634,0.0531,0.6609,4
0.8303,49.585,1.1592,0.3644,0.8256,2
0.8699,49.2782,0.714,0.3312,0.8381,2
0.9746,49.896,0.2468,0.6452,0.0127,0
0.861,49.6436,1.112,0.3886,0.6696,2
0.9619,49.1091,0.6987,0.1028,0.7545,4
0.9337,49.3244,0.7698,0.1366,0.7857,4
1.0143,48.3175,0.8173,0.7705,0.7705,3
0.9321,49.0339,0.6692,0.0253,0.8686,4
0.9585,49.1399,0.6202,0.02,0.609,4
0.9954,49.9516,0.3866,0.3679,0.1371,0
0.9465,49.5955,1.9147,0.316,0.7932,1
0.8234,49.8642,0.8982,0.1652,0.6219,2
0.9491,49.0283,0.6778,0.0927,0.6697,4
0.8006,49.6143,0.7088,0.1321,0.6399,2
0.9122,49.0062,1.6585,0.279,0.8116,1
0.9129,49.6392,1.4041,0.5078,0.7001,1
0.9774,51.2568,0.4275,0.6869,0.4489,3
1.0088,50.8818,0.823,0.2035,0.7976,3
0.8889,49.1994,1.4802,0.3684,0.7325,1
0.9796,49.8796,0.4396,0.6991,0.0399,0
0.9887,51.5863,0.3892,0.6507,0.7512,3
0.9902,49.096,0.5722,0.2658,0.4485,3
0.9776,49.9376,0.2068,0.7107,0.0078,0
0.8473,49.7374,0.5056,0.2441,0.6129,2
1.0157,49.8991,0.2762,0.6067,0.0374,0
1.0219,50.1977,0.3237,0.7924,0.0298,0
1.0121,50.0009,0.2906,0.8955,0.0887,0
0.8984,49.0926,1.423,0.5962,0.9716,1
0.9321,51.8237,0.5662,0.515,0.7151,3
0.8977,49.2983,1.4368,0.3708,0.6207,1
0.9862,49.9122,0.3755,0.5508,0.048,0
0.9809,49.8002,0.5302,0.493,0.0428,0
0.8999,49.2907,0.6294,0.3845,0.6454,2
0.8123,49.8021,0.9781,0.3311,0.5521,2
0.8815,49.5252,1.0452,0.2587,0.6486,2
0.8231,49.5456,1.121,0.1391,0.797,2
0.9725,50.1873,0.642,0.7904,0.0289,0
1.0411,51.4106,0.54,0.6352,0.8453,3
0.9227,49.1076,1.4767,0.3673,0.8846,1
0.967,49.7159,0.6691,0.1076,0.8599,4
0.999,50.0095,0.6762,0.7745,0.025,0
0.8766,49.316,0.5318,0.2699,0.8178,2
0.9393,49.2782,1.8108,0.5481,0.9886,1
0.915,49.3565,1.7375,0.3561,0.8429,1
0.8947,49.112,1.5307,0.4787,0.9517,1
0.9047,49.5662,0.715,0.0455,0.5492,4
0.8607,49.354,0.5319,0.1715,0.5156,2
0.9554,49.1944,1.4798,0.5494,0.6206,1
0.9592,49.147,1.4697,0.4595,0.8531,1
0.8357,50.0518,1.1188,0.1792,0.5534,2
0.8854,49.7882,0.7756,0.0016,0.61,4
0.8194,50.0744,0.8762,0.3936,0.8113,2
0.8628,49.5966,0.6292,0.0981,0.8415,4
0.9161,49.6535,0.5324,0.0403,0.7117,4
0.9487,51.6442,0.558,0.7413,0.4422,3
0.9168,49.5709,1.5057,0.4279,0.9773,1
0.9318,49.0147,1.4978,0.2711,0.7577,1
0.8725,49.1148,0.6558,0.0683,0.7403,4
0.942,48.9448,0.8656,0.562,0.57,3
0.9766,49.8054,0.6153,0.8608,0.0198,0
0.9861,50.1754,0.4998,0.7754,0.0014,0
1.0025,50.1273,0.6264,0.351,0.0209,0
0.9571,49.6524,0.5844,0.0718,0.5597,4
0.933,49.502,0.4738,0.1237,0.4963,4
0.8113,49.9978,0.7907,0.1004,0.5897,2
0.9142,49.1032,1.7932,0.2904,0.9516,1
1.0124,49.1721,0.6443,0.7945,0.501,3
0.8393,49.7541,0.5828,0.377,0.8679,2
1.0063,49.8712,0.4652,0.6598,0.1019,0
0.9514,49.481,1.7749,0.3148,0.9502,1
0.9008,49.7956,1.153,0.3432,0.7845,2
1.0173,50.1447,0.689,0.7667,0.022,0
0.9112,49.5049,1.8713,0.3914,0.6269,1
0.9013,49.5814,0.4868,0.0485,0.5074,4
0.9723,51.3257,0.981,0.561,0.6865,3
0.9442,49.4578,1.5475,0.3675,0.7988,1
0.9091,49.429,0.5381,0.0125,0.7717,4
0.9193,49.5548,0.849,0.1055,0.5558,4
0.9822,50.1402,0.3812,0.5844,0.02,0
0.9736,49.9397,0.6244,0.8201,0.1229,0
0.8506,49.9517,0.8861,0.3794,0.6684,2
0.9462,49.0391,1.4827,0.5848,0.8816,1
1.018,48.5521,0.3379,0.2636,0.6617,3
1.0305,48.0392,0.5557,0.2474,0.4347,3
0.9497,49.3332,0.8593,0.0705,0.5131,4
0.9338,49.2396,0.6469,0.0506,0.8016,4
0.9872,49.8624,0.6406,0.3193,0.1127,0
0.8692,49.3171,0.6542,0.1422,0.6544,4
0.9011,49.6517,0.9965,0.2271,0.5627,2
1.0013,50.1912,0.2626,0.4271,0.0929,0
0.9114,49.5758,1.9856,0.442,0.6309,1
0.9873,48.5266,0.5663,0.2328,0.5672,3
0.9534,50.8012,0.7222,0.708,0.4126,3
0.8179,49.2958,0.6483,0.1033,0.8639,2
0.9241,49.4469,1.4194,0.3077,0.9907,1
0.8554,49.7892,0.6903,0.0072,0.4919,4
0.8009,49.521,0.6977,0.2194,0.578,2
