stress_level,anchor,other,metric,n_pairs,median_a,median_b,mean_a,mean_b,median_diff,median_rel_diff_pct,wilcoxon_W,wilcoxon_p,ttest_t,ttest_p,cliffs_delta,holm_p,classification
moderate,full_stack,no_lstm,stress_cumulative_unserved_energy,30,0.0,0.0,6.6112518482176865,6.6112518482176865,0.0,0.0,0.0,1.0,0.0,1.0,0.0,1.0,INCONCLUSIVE
moderate,full_stack,no_lstm,resilience_time_to_50pct_restoration,30,0.0,0.0,0.0,0.0,0.0,0.0,0.0,1.0,0.0,1.0,0.0,1.0,INCONCLUSIVE
moderate,full_stack,no_lstm,stress_critical_load_restored_pct,30,100.0,100.0,100.0,100.0,0.0,0.0,0.0,1.0,0.0,1.0,0.0,1.0,INCONCLUSIVE
moderate,full_stack,no_lstm,saidi,30,0.0,0.0,0.0,0.0,0.0,0.0,0.0,1.0,0.0,1.0,0.0,1.0,INCONCLUSIVE
moderate,full_stack,no_lstm,saifi,30,0.10204081632653061,0.10204081632653061,0.10204081632653061,0.10204081632653061,0.0,0.0,0.0,1.0,0.0,1.0,0.0,1.0,INCONCLUSIVE
moderate,full_stack,no_lstm,voltage_violation_count,30,0.0,0.0,29.433333333333334,29.433333333333334,0.0,0.0,0.0,1.0,0.0,1.0,0.0,1.0,INCONCLUSIVE
moderate,full_stack,no_lstm,line_overload_count,30,0.0,0.0,0.3333333333333333,0.3333333333333333,0.0,0.0,0.0,1.0,0.0,1.0,0.0,1.0,INCONCLUSIVE
moderate,full_stack,no_lstm,number_of_islands,30,1.0,1.0,1.0,1.0,0.0,0.0,0.0,1.0,0.0,1.0,0.0,1.0,INCONCLUSIVE
moderate,full_stack,no_lstm,resilience_loss_area,30,0.0,0.0,23.736455371831237,23.736455371831237,0.0,0.0,0.0,1.0,0.0,1.0,0.0,1.0,INCONCLUSIVE
moderate,full_stack,no_lstm,resilience_time_to_90pct_restoration,30,0.0,0.0,0.0,0.0,0.0,0.0,0.0,1.0,0.0,1.0,0.0,1.0,INCONCLUSIVE
moderate,full_stack,no_lstm,stress_critical_load_interrupted_mw,30,0.0,0.0,0.0,0.0,0.0,0.0,0.0,1.0,0.0,1.0,0.0,1.0,INCONCLUSIVE
moderate,full_stack,no_lstm,stress_critical_load_restored_mw,30,0.0,0.0,0.0,0.0,0.0,0.0,0.0,1.0,0.0,1.0,0.0,1.0,INCONCLUSIVE
moderate,full_stack,no_lstm,stress_cum_feasible_restoration_mw,30,0.0,0.0,0.0,0.0,0.0,0.0,0.0,1.0,0.0,1.0,0.0,1.0,INCONCLUSIVE
moderate,full_stack,no_lstm,stress_cum_unserved_restoration_mw,30,0.0,0.0,0.0,0.0,0.0,0.0,0.0,1.0,0.0,1.0,0.0,1.0,INCONCLUSIVE
moderate,full_stack,no_lstm,stress_restoration_rate,30,0.0,0.0,0.0,0.0,0.0,0.0,0.0,1.0,0.0,1.0,0.0,1.0,INCONCLUSIVE
moderate,full_stack,no_lstm,ens,30,50.0,50.0,50.0,50.0,0.0,0.0,0.0,1.0,0.0,1.0,0.0,1.0,INCONCLUSIVE
moderate,full_stack,no_lstm,restoration_time_seconds,30,0.0,0.0,0.0,0.0,0.0,0.0,0.0,1.0,0.0,1.0,0.0,1.0,INCONCLUSIVE
moderate,full_stack,no_lstm,critical_load_restored_pct,30,100.0,100.0,100.0,100.0,0.0,0.0,0.0,1.0,0.0,1.0,0.0,1.0,INCONCLUSIVE
moderate,full_stack,no_lstm,switching_operations,30,0.0,0.0,0.0,0.0,0.0,0.0,0.0,1.0,0.0,1.0,0.0,1.0,INCONCLUSIVE
moderate,full_stack,no_lstm,frequency_deviation_count,30,5831.0,5831.0,6038.433333333333,6038.433333333333,0.0,0.0,0.0,1.0,0.0,1.0,0.0,1.0,INCONCLUSIVE
moderate,full_stack,no_lstm,actions_taken,30,200.0,200.0,200.0,200.0,0.0,0.0,0.0,1.0,0.0,1.0,0.0,1.0,INCONCLUSIVE
moderate,full_stack,no_lstm,runtime_s,30,1.2389999999999999,1.1989999999999998,1.3500733333333332,1.2651266666666667,0.040000000000000036,3.3361134278565507,194.0,0.422457261660776,1.592853868873167,0.12430638736240329,0.2911111111111111,1.0,INCONCLUSIVE
moderate,full_stack,no_lstm,controller_runtime_s,30,0.12669999999999998,0.1192,0.13164333333333333,0.11770666666666667,0.007499999999999979,6.291946308724815,178.0,0.2579463378254645,3.4473646517481966,0.0008799746675687281,0.3988888888888889,1.0,INCONCLUSIVE
moderate,full_stack,no_lstm,power_flow_runtime_s,30,0.4255,0.41154999999999997,0.46416666666666667,0.43833666666666665,0.013950000000000018,3.389624589964772,222.0,0.8210057310877281,1.2301744963095314,0.23522894686110174,0.22,1.0,INCONCLUSIVE
moderate,full_stack,no_twin,stress_cumulative_unserved_energy,30,0.0,0.0,6.6112518482176865,6.6112518482176865,0.0,0.0,0.0,1.0,0.0,1.0,0.0,1.0,INCONCLUSIVE
moderate,full_stack,no_twin,resilience_time_to_50pct_restoration,30,0.0,0.0,0.0,0.0,0.0,0.0,0.0,1.0,0.0,1.0,0.0,1.0,INCONCLUSIVE
moderate,full_stack,no_twin,stress_critical_load_restored_pct,30,100.0,100.0,100.0,100.0,0.0,0.0,0.0,1.0,0.0,1.0,0.0,1.0,INCONCLUSIVE
moderate,full_stack,no_twin,saidi,30,0.0,0.0,0.0,0.0,0.0,0.0,0.0,1.0,0.0,1.0,0.0,1.0,INCONCLUSIVE
moderate,full_stack,no_twin,saifi,30,0.10204081632653061,0.10204081632653061,0.10204081632653061,0.10204081632653061,0.0,0.0,0.0,1.0,0.0,1.0,0.0,1.0,INCONCLUSIVE
moderate,full_stack,no_twin,voltage_violation_count,30,0.0,0.0,29.433333333333334,29.433333333333334,0.0,0.0,0.0,1.0,0.0,1.0,0.0,1.0,INCONCLUSIVE
moderate,full_stack,no_twin,line_overload_count,30,0.0,0.0,0.3333333333333333,0.3333333333333333,0.0,0.0,0.0,1.0,0.0,1.0,0.0,1.0,INCONCLUSIVE
moderate,full_stack,no_twin,number_of_islands,30,1.0,1.0,1.0,1.0,0.0,0.0,0.0,1.0,0.0,1.0,0.0,1.0,INCONCLUSIVE
moderate,full_stack,no_twin,resilience_loss_area,30,0.0,0.0,23.736455371831237,23.736455371831237,0.0,0.0,0.0,1.0,0.0,1.0,0.0,1.0,INCONCLUSIVE
moderate,full_stack,no_twin,resilience_time_to_90pct_restoration,30,0.0,0.0,0.0,0.0,0.0,0.0,0.0,1.0,0.0,1.0,0.0,1.0,INCONCLUSIVE
moderate,full_stack,no_twin,stress_critical_load_interrupted_mw,30,0.0,0.0,0.0,0.0,0.0,0.0,0.0,1.0,0.0,1.0,0.0,1.0,INCONCLUSIVE
moderate,full_stack,no_twin,stress_critical_load_restored_mw,30,0.0,0.0,0.0,0.0,0.0,0.0,0.0,1.0,0.0,1.0,0.0,1.0,INCONCLUSIVE
moderate,full_stack,no_twin,stress_cum_feasible_restoration_mw,30,0.0,0.0,0.0,0.0,0.0,0.0,0.0,1.0,0.0,1.0,0.0,1.0,INCONCLUSIVE
moderate,full_stack,no_twin,stress_cum_unserved_restoration_mw,30,0.0,0.0,0.0,0.0,0.0,0.0,0.0,1.0,0.0,1.0,0.0,1.0,INCONCLUSIVE
moderate,full_stack,no_twin,stress_restoration_rate,30,0.0,0.0,0.0,0.0,0.0,0.0,0.0,1.0,0.0,1.0,0.0,1.0,INCONCLUSIVE
moderate,full_stack,no_twin,ens,30,50.0,50.0,50.0,50.0,0.0,0.0,0.0,1.0,0.0,1.0,0.0,1.0,INCONCLUSIVE
moderate,full_stack,no_twin,restoration_time_seconds,30,0.0,0.0,0.0,0.0,0.0,0.0,0.0,1.0,0.0,1.0,0.0,1.0,INCONCLUSIVE
moderate,full_stack,no_twin,critical_load_restored_pct,30,100.0,100.0,100.0,100.0,0.0,0.0,0.0,1.0,0.0,1.0,0.0,1.0,INCONCLUSIVE
moderate,full_stack,no_twin,switching_operations,30,0.0,0.0,0.0,0.0,0.0,0.0,0.0,1.0,0.0,1.0,0.0,1.0,INCONCLUSIVE
moderate,full_stack,no_twin,frequency_deviation_count,30,5831.0,5831.0,6038.433333333333,6038.433333333333,0.0,0.0,0.0,1.0,0.0,1.0,0.0,1.0,INCONCLUSIVE
moderate,full_stack,no_twin,actions_taken,30,200.0,200.0,200.0,200.0,0.0,0.0,0.0,1.0,0.0,1.0,0.0,1.0,INCONCLUSIVE
moderate,full_stack,no_twin,runtime_s,30,1.2389999999999999,9.03535,1.3500733333333332,9.003863333333333,-7.7963499999999994,-86.28719418727555,0.0,1.6499006192383092e-06,-41.911671852039014,0.0,-1.0,0.0006335618377875107,NOT_SUPPORTED
moderate,full_stack,no_twin,controller_runtime_s,30,0.12669999999999998,0.1187,0.13164333333333333,0.11931333333333334,0.00799999999999998,6.739679865206385,136.0,0.046028681441402375,2.806957649443614,0.006760194570736733,0.39111111111111113,1.0,INCONCLUSIVE
moderate,full_stack,no_twin,power_flow_runtime_s,30,0.4255,0.42910000000000004,0.46416666666666667,0.43587,-0.0036000000000000476,-0.8389652761594144,216.0,0.7265926839615493,1.5974798952420597,0.12321696709714502,0.011111111111111112,1.0,INCONCLUSIVE
moderate,full_stack,no_predictive,stress_cumulative_unserved_energy,30,0.0,0.0,6.6112518482176865,6.6112518482176865,0.0,0.0,0.0,1.0,0.0,1.0,0.0,1.0,INCONCLUSIVE
moderate,full_stack,no_predictive,resilience_time_to_50pct_restoration,30,0.0,0.0,0.0,0.0,0.0,0.0,0.0,1.0,0.0,1.0,0.0,1.0,INCONCLUSIVE
moderate,full_stack,no_predictive,stress_critical_load_restored_pct,30,100.0,100.0,100.0,100.0,0.0,0.0,0.0,1.0,0.0,1.0,0.0,1.0,INCONCLUSIVE
moderate,full_stack,no_predictive,saidi,30,0.0,0.0,0.0,0.0,0.0,0.0,0.0,1.0,0.0,1.0,0.0,1.0,INCONCLUSIVE
moderate,full_stack,no_predictive,saifi,30,0.10204081632653061,0.10204081632653061,0.10204081632653061,0.10204081632653061,0.0,0.0,0.0,1.0,0.0,1.0,0.0,1.0,INCONCLUSIVE
moderate,full_stack,no_predictive,voltage_violation_count,30,0.0,0.0,29.433333333333334,29.433333333333334,0.0,0.0,0.0,1.0,0.0,1.0,0.0,1.0,INCONCLUSIVE
moderate,full_stack,no_predictive,line_overload_count,30,0.0,0.0,0.3333333333333333,0.3333333333333333,0.0,0.0,0.0,1.0,0.0,1.0,0.0,1.0,INCONCLUSIVE
moderate,full_stack,no_predictive,number_of_islands,30,1.0,1.0,1.0,1.0,0.0,0.0,0.0,1.0,0.0,1.0,0.0,1.0,INCONCLUSIVE
moderate,full_stack,no_predictive,resilience_loss_area,30,0.0,0.0,23.736455371831237,23.736455371831237,0.0,0.0,0.0,1.0,0.0,1.0,0.0,1.0,INCONCLUSIVE
moderate,full_stack,no_predictive,resilience_time_to_90pct_restoration,30,0.0,0.0,0.0,0.0,0.0,0.0,0.0,1.0,0.0,1.0,0.0,1.0,INCONCLUSIVE
moderate,full_stack,no_predictive,stress_critical_load_interrupted_mw,30,0.0,0.0,0.0,0.0,0.0,0.0,0.0,1.0,0.0,1.0,0.0,1.0,INCONCLUSIVE
moderate,full_stack,no_predictive,stress_critical_load_restored_mw,30,0.0,0.0,0.0,0.0,0.0,0.0,0.0,1.0,0.0,1.0,0.0,1.0,INCONCLUSIVE
moderate,full_stack,no_predictive,stress_cum_feasible_restoration_mw,30,0.0,0.0,0.0,0.0,0.0,0.0,0.0,1.0,0.0,1.0,0.0,1.0,INCONCLUSIVE
moderate,full_stack,no_predictive,stress_cum_unserved_restoration_mw,30,0.0,0.0,0.0,0.0,0.0,0.0,0.0,1.0,0.0,1.0,0.0,1.0,INCONCLUSIVE
moderate,full_stack,no_predictive,stress_restoration_rate,30,0.0,0.0,0.0,0.0,0.0,0.0,0.0,1.0,0.0,1.0,0.0,1.0,INCONCLUSIVE
moderate,full_stack,no_predictive,ens,30,50.0,50.0,50.0,50.0,0.0,0.0,0.0,1.0,0.0,1.0,0.0,1.0,INCONCLUSIVE
moderate,full_stack,no_predictive,restoration_time_seconds,30,0.0,0.0,0.0,0.0,0.0,0.0,0.0,1.0,0.0,1.0,0.0,1.0,INCONCLUSIVE
moderate,full_stack,no_predictive,critical_load_restored_pct,30,100.0,100.0,100.0,100.0,0.0,0.0,0.0,1.0,0.0,1.0,0.0,1.0,INCONCLUSIVE
moderate,full_stack,no_predictive,switching_operations,30,0.0,0.0,0.0,0.0,0.0,0.0,0.0,1.0,0.0,1.0,0.0,1.0,INCONCLUSIVE
moderate,full_stack,no_predictive,frequency_deviation_count,30,5831.0,5831.0,6038.433333333333,6038.433333333333,0.0,0.0,0.0,1.0,0.0,1.0,0.0,1.0,INCONCLUSIVE
moderate,full_stack,no_predictive,actions_taken,30,200.0,200.0,200.0,200.0,0.0,0.0,0.0,1.0,0.0,1.0,0.0,1.0,INCONCLUSIVE
moderate,full_stack,no_predictive,runtime_s,30,1.2389999999999999,1.135,1.3500733333333332,1.1313966666666666,0.10399999999999987,9.162995594713646,19.0,1.0753102904770273e-05,4.640520408391296,7.553895841505565e-06,0.9288888888888889,0.0038711170457172983,SUPPORTED
moderate,full_stack,no_predictive,controller_runtime_s,30,0.12669999999999998,0.11130000000000001,0.13164333333333333,0.11124666666666667,0.01539999999999997,13.836477987421354,156.0,0.11324786650676266,3.678459214501325,0.00038626483217973906,0.5266666666666666,1.0,INCONCLUSIVE
moderate,full_stack,no_predictive,power_flow_runtime_s,30,0.4255,0.4346,0.46416666666666667,0.43626333333333334,-0.009099999999999997,-2.0938794293603307,170.0,0.19504267680992293,1.543380007665612,0.13643231268194467,-0.10888888888888888,1.0,INCONCLUSIVE
moderate,full_stack,no_reward,stress_cumulative_unserved_energy,30,0.0,0.0,6.6112518482176865,6.6112518482176865,0.0,0.0,0.0,1.0,0.0,1.0,0.0,1.0,INCONCLUSIVE
moderate,full_stack,no_reward,resilience_time_to_50pct_restoration,30,0.0,0.0,0.0,0.0,0.0,0.0,0.0,1.0,0.0,1.0,0.0,1.0,INCONCLUSIVE
moderate,full_stack,no_reward,stress_critical_load_restored_pct,30,100.0,100.0,100.0,100.0,0.0,0.0,0.0,1.0,0.0,1.0,0.0,1.0,INCONCLUSIVE
moderate,full_stack,no_reward,saidi,30,0.0,0.0,0.0,0.0,0.0,0.0,0.0,1.0,0.0,1.0,0.0,1.0,INCONCLUSIVE
moderate,full_stack,no_reward,saifi,30,0.10204081632653061,0.10204081632653061,0.10204081632653061,0.10204081632653061,0.0,0.0,0.0,1.0,0.0,1.0,0.0,1.0,INCONCLUSIVE
moderate,full_stack,no_reward,voltage_violation_count,30,0.0,0.0,29.433333333333334,29.433333333333334,0.0,0.0,0.0,1.0,0.0,1.0,0.0,1.0,INCONCLUSIVE
moderate,full_stack,no_reward,line_overload_count,30,0.0,0.0,0.3333333333333333,0.3333333333333333,0.0,0.0,0.0,1.0,0.0,1.0,0.0,1.0,INCONCLUSIVE
moderate,full_stack,no_reward,number_of_islands,30,1.0,1.0,1.0,1.0,0.0,0.0,0.0,1.0,0.0,1.0,0.0,1.0,INCONCLUSIVE
moderate,full_stack,no_reward,resilience_loss_area,30,0.0,0.0,23.736455371831237,23.736455371831237,0.0,0.0,0.0,1.0,0.0,1.0,0.0,1.0,INCONCLUSIVE
moderate,full_stack,no_reward,resilience_time_to_90pct_restoration,30,0.0,0.0,0.0,0.0,0.0,0.0,0.0,1.0,0.0,1.0,0.0,1.0,INCONCLUSIVE
moderate,full_stack,no_reward,stress_critical_load_interrupted_mw,30,0.0,0.0,0.0,0.0,0.0,0.0,0.0,1.0,0.0,1.0,0.0,1.0,INCONCLUSIVE
moderate,full_stack,no_reward,stress_critical_load_restored_mw,30,0.0,0.0,0.0,0.0,0.0,0.0,0.0,1.0,0.0,1.0,0.0,1.0,INCONCLUSIVE
moderate,full_stack,no_reward,stress_cum_feasible_restoration_mw,30,0.0,0.0,0.0,0.0,0.0,0.0,0.0,1.0,0.0,1.0,0.0,1.0,INCONCLUSIVE
moderate,full_stack,no_reward,stress_cum_unserved_restoration_mw,30,0.0,0.0,0.0,0.0,0.0,0.0,0.0,1.0,0.0,1.0,0.0,1.0,INCONCLUSIVE
moderate,full_stack,no_reward,stress_restoration_rate,30,0.0,0.0,0.0,0.0,0.0,0.0,0.0,1.0,0.0,1.0,0.0,1.0,INCONCLUSIVE
moderate,full_stack,no_reward,ens,30,50.0,50.0,50.0,50.0,0.0,0.0,0.0,1.0,0.0,1.0,0.0,1.0,INCONCLUSIVE
moderate,full_stack,no_reward,restoration_time_seconds,30,0.0,0.0,0.0,0.0,0.0,0.0,0.0,1.0,0.0,1.0,0.0,1.0,INCONCLUSIVE
moderate,full_stack,no_reward,critical_load_restored_pct,30,100.0,100.0,100.0,100.0,0.0,0.0,0.0,1.0,0.0,1.0,0.0,1.0,INCONCLUSIVE
moderate,full_stack,no_reward,switching_operations,30,0.0,0.0,0.0,0.0,0.0,0.0,0.0,1.0,0.0,1.0,0.0,1.0,INCONCLUSIVE
moderate,full_stack,no_reward,frequency_deviation_count,30,5831.0,5831.0,6038.433333333333,6038.433333333333,0.0,0.0,0.0,1.0,0.0,1.0,0.0,1.0,INCONCLUSIVE
moderate,full_stack,no_reward,actions_taken,30,200.0,200.0,200.0,200.0,0.0,0.0,0.0,1.0,0.0,1.0,0.0,1.0,INCONCLUSIVE
moderate,full_stack,no_reward,runtime_s,30,1.2389999999999999,1.2271,1.3500733333333332,1.2441733333333334,0.0118999999999998,0.9697661152310161,198.0,0.47159142852845126,2.33431675101717,0.02429786119787436,0.14222222222222222,1.0,INCONCLUSIVE
moderate,full_stack,no_reward,controller_runtime_s,30,0.12669999999999998,0.11324999999999999,0.13164333333333333,0.11328,0.01344999999999999,11.876379690949218,88.0,0.0028600327143257775,4.683073502017264,6.227803060365744e-06,0.6411111111111111,1.0,INCONCLUSIVE
moderate,full_stack,no_reward,power_flow_runtime_s,30,0.4255,0.4335,0.46416666666666667,0.43664333333333333,-0.008000000000000007,-1.8454440599769335,159.0,0.1279948145427905,1.5764032979980889,0.12824142230752322,-0.12111111111111111,1.0,INCONCLUSIVE
severe,full_stack,no_lstm,stress_cumulative_unserved_energy,30,8364.414539892787,8364.414539892787,8385.047580682673,8385.047580682673,0.0,0.0,0.0,1.0,0.0,1.0,0.0,1.0,INCONCLUSIVE
severe,full_stack,no_lstm,resilience_time_to_50pct_restoration,30,0.0,0.0,0.0,0.0,0.0,0.0,0.0,1.0,0.0,1.0,0.0,1.0,INCONCLUSIVE
severe,full_stack,no_lstm,stress_critical_load_restored_pct,30,100.0,100.0,100.0,100.0,0.0,0.0,0.0,1.0,0.0,1.0,0.0,1.0,INCONCLUSIVE
severe,full_stack,no_lstm,saidi,30,0.0,0.0,0.0,0.0,0.0,0.0,0.0,1.0,0.0,1.0,0.0,1.0,INCONCLUSIVE
severe,full_stack,no_lstm,saifi,30,0.16326530612244897,0.16326530612244897,0.16326530612244897,0.16326530612244897,0.0,0.0,0.0,1.0,0.0,1.0,0.0,1.0,INCONCLUSIVE
severe,full_stack,no_lstm,voltage_violation_count,30,7439.0,7439.0,7448.833333333333,7448.833333333333,0.0,0.0,0.0,1.0,0.0,1.0,0.0,1.0,INCONCLUSIVE
severe,full_stack,no_lstm,line_overload_count,30,19.0,19.0,19.466666666666665,19.466666666666665,0.0,0.0,0.0,1.0,0.0,1.0,0.0,1.0,INCONCLUSIVE
severe,full_stack,no_lstm,number_of_islands,30,1.0,1.0,1.0,1.0,0.0,0.0,0.0,1.0,0.0,1.0,0.0,1.0,INCONCLUSIVE
severe,full_stack,no_lstm,resilience_loss_area,30,172.5,172.5,172.65508376277256,172.65508376277256,0.0,0.0,0.0,1.0,0.0,1.0,0.0,1.0,INCONCLUSIVE
severe,full_stack,no_lstm,resilience_time_to_90pct_restoration,30,0.0,0.0,0.0,0.0,0.0,0.0,0.0,1.0,0.0,1.0,0.0,1.0,INCONCLUSIVE
severe,full_stack,no_lstm,stress_critical_load_interrupted_mw,30,2.5,2.5,2.4514174032230516,2.4514174032230516,0.0,0.0,0.0,1.0,0.0,1.0,0.0,1.0,INCONCLUSIVE
severe,full_stack,no_lstm,stress_critical_load_restored_mw,30,-2.5,-2.5,-2.4514174032230516,-2.4514174032230516,0.0,-0.0,0.0,1.0,0.0,1.0,0.0,1.0,INCONCLUSIVE
severe,full_stack,no_lstm,stress_cum_feasible_restoration_mw,30,0.0,0.0,0.0,0.0,0.0,0.0,0.0,1.0,0.0,1.0,0.0,1.0,INCONCLUSIVE
severe,full_stack,no_lstm,stress_cum_unserved_restoration_mw,30,0.0,0.0,0.0,0.0,0.0,0.0,0.0,1.0,0.0,1.0,0.0,1.0,INCONCLUSIVE
severe,full_stack,no_lstm,stress_restoration_rate,30,0.0,0.0,0.0,0.0,0.0,0.0,0.0,1.0,0.0,1.0,0.0,1.0,INCONCLUSIVE
severe,full_stack,no_lstm,ens,30,80.0,80.0,80.0,80.0,0.0,0.0,0.0,1.0,0.0,1.0,0.0,1.0,INCONCLUSIVE
severe,full_stack,no_lstm,restoration_time_seconds,30,0.0,0.0,0.0,0.0,0.0,0.0,0.0,1.0,0.0,1.0,0.0,1.0,INCONCLUSIVE
severe,full_stack,no_lstm,critical_load_restored_pct,30,0.0,0.0,0.0,0.0,0.0,0.0,0.0,1.0,0.0,1.0,0.0,1.0,INCONCLUSIVE
severe,full_stack,no_lstm,switching_operations,30,0.0,0.0,0.0,0.0,0.0,0.0,0.0,1.0,0.0,1.0,0.0,1.0,INCONCLUSIVE
severe,full_stack,no_lstm,frequency_deviation_count,30,9800.0,9800.0,9795.1,9795.1,0.0,0.0,0.0,1.0,0.0,1.0,0.0,1.0,INCONCLUSIVE
severe,full_stack,no_lstm,actions_taken,30,200.0,200.0,200.0,200.0,0.0,0.0,0.0,1.0,0.0,1.0,0.0,1.0,INCONCLUSIVE
severe,full_stack,no_lstm,runtime_s,30,0.7642,0.67685,0.76007,0.6803466666666667,0.08735000000000004,12.905370466129872,0.0,1.6499006192383092e-06,12.588337182163198,0.0,0.9933333333333333,0.0006335618377875107,SUPPORTED
severe,full_stack,no_lstm,controller_runtime_s,30,0.11875,0.11985000000000001,0.11866,0.11886000000000001,-0.0011000000000000176,-0.9178139340842866,206.5,0.803618638864172,-0.11302261337788565,0.9131582519870065,-0.035555555555555556,1.0,INCONCLUSIVE
severe,full_stack,no_lstm,power_flow_runtime_s,30,0.19045,0.15355,0.19035333333333335,0.15389,0.036900000000000016,24.0312601758385,0.0,1.6499006192383092e-06,16.010716626625122,0.0,1.0,0.0006335618377875107,SUPPORTED
severe,full_stack,no_twin,stress_cumulative_unserved_energy,30,8364.414539892787,8364.414539892787,8385.047580682673,8385.047580682673,0.0,0.0,0.0,1.0,0.0,1.0,0.0,1.0,INCONCLUSIVE
severe,full_stack,no_twin,resilience_time_to_50pct_restoration,30,0.0,0.0,0.0,0.0,0.0,0.0,0.0,1.0,0.0,1.0,0.0,1.0,INCONCLUSIVE
severe,full_stack,no_twin,stress_critical_load_restored_pct,30,100.0,100.0,100.0,100.0,0.0,0.0,0.0,1.0,0.0,1.0,0.0,1.0,INCONCLUSIVE
severe,full_stack,no_twin,saidi,30,0.0,0.0,0.0,0.0,0.0,0.0,0.0,1.0,0.0,1.0,0.0,1.0,INCONCLUSIVE
severe,full_stack,no_twin,saifi,30,0.16326530612244897,0.16326530612244897,0.16326530612244897,0.16326530612244897,0.0,0.0,0.0,1.0,0.0,1.0,0.0,1.0,INCONCLUSIVE
severe,full_stack,no_twin,voltage_violation_count,30,7439.0,7439.0,7448.833333333333,7448.833333333333,0.0,0.0,0.0,1.0,0.0,1.0,0.0,1.0,INCONCLUSIVE
severe,full_stack,no_twin,line_overload_count,30,19.0,19.0,19.466666666666665,19.466666666666665,0.0,0.0,0.0,1.0,0.0,1.0,0.0,1.0,INCONCLUSIVE
severe,full_stack,no_twin,number_of_islands,30,1.0,1.0,1.0,1.0,0.0,0.0,0.0,1.0,0.0,1.0,0.0,1.0,INCONCLUSIVE
severe,full_stack,no_twin,resilience_loss_area,30,172.5,172.5,172.65508376277256,172.65508376277256,0.0,0.0,0.0,1.0,0.0,1.0,0.0,1.0,INCONCLUSIVE
severe,full_stack,no_twin,resilience_time_to_90pct_restoration,30,0.0,0.0,0.0,0.0,0.0,0.0,0.0,1.0,0.0,1.0,0.0,1.0,INCONCLUSIVE
severe,full_stack,no_twin,stress_critical_load_interrupted_mw,30,2.5,2.5,2.4514174032230516,2.4514174032230516,0.0,0.0,0.0,1.0,0.0,1.0,0.0,1.0,INCONCLUSIVE
severe,full_stack,no_twin,stress_critical_load_restored_mw,30,-2.5,-2.5,-2.4514174032230516,-2.4514174032230516,0.0,-0.0,0.0,1.0,0.0,1.0,0.0,1.0,INCONCLUSIVE
severe,full_stack,no_twin,stress_cum_feasible_restoration_mw,30,0.0,0.0,0.0,0.0,0.0,0.0,0.0,1.0,0.0,1.0,0.0,1.0,INCONCLUSIVE
severe,full_stack,no_twin,stress_cum_unserved_restoration_mw,30,0.0,0.0,0.0,0.0,0.0,0.0,0.0,1.0,0.0,1.0,0.0,1.0,INCONCLUSIVE
severe,full_stack,no_twin,stress_restoration_rate,30,0.0,0.0,0.0,0.0,0.0,0.0,0.0,1.0,0.0,1.0,0.0,1.0,INCONCLUSIVE
severe,full_stack,no_twin,ens,30,80.0,80.0,80.0,80.0,0.0,0.0,0.0,1.0,0.0,1.0,0.0,1.0,INCONCLUSIVE
severe,full_stack,no_twin,restoration_time_seconds,30,0.0,0.0,0.0,0.0,0.0,0.0,0.0,1.0,0.0,1.0,0.0,1.0,INCONCLUSIVE
severe,full_stack,no_twin,critical_load_restored_pct,30,0.0,0.0,0.0,0.0,0.0,0.0,0.0,1.0,0.0,1.0,0.0,1.0,INCONCLUSIVE
severe,full_stack,no_twin,switching_operations,30,0.0,0.0,0.0,0.0,0.0,0.0,0.0,1.0,0.0,1.0,0.0,1.0,INCONCLUSIVE
severe,full_stack,no_twin,frequency_deviation_count,30,9800.0,9800.0,9795.1,9795.1,0.0,0.0,0.0,1.0,0.0,1.0,0.0,1.0,INCONCLUSIVE
severe,full_stack,no_twin,actions_taken,30,200.0,200.0,200.0,200.0,0.0,0.0,0.0,1.0,0.0,1.0,0.0,1.0,INCONCLUSIVE
severe,full_stack,no_twin,runtime_s,30,0.7642,9.617650000000001,0.76007,9.621723333333334,-8.85345,-92.05419203235716,0.0,1.6499006192383092e-06,-165.74619743545531,0.0,-1.0,0.0006335618377875107,NOT_SUPPORTED
severe,full_stack,no_twin,controller_runtime_s,30,0.11875,0.12819999999999998,0.11866,0.12702,-0.009449999999999986,-7.371294851794062,106.0,0.008996782676210957,-4.3273292911380254,2.9758311976824103e-05,-0.5855555555555556,1.0,INCONCLUSIVE
severe,full_stack,no_twin,power_flow_runtime_s,30,0.19045,0.1658,0.19035333333333335,0.16635,0.024650000000000005,14.867310012062731,0.0,1.6499006192383092e-06,10.025978140274365,0.0,0.89,0.0006335618377875107,SUPPORTED
severe,full_stack,no_predictive,stress_cumulative_unserved_energy,30,8364.414539892787,8364.414539892787,8385.047580682673,8385.047580682673,0.0,0.0,0.0,1.0,0.0,1.0,0.0,1.0,INCONCLUSIVE
severe,full_stack,no_predictive,resilience_time_to_50pct_restoration,30,0.0,0.0,0.0,0.0,0.0,0.0,0.0,1.0,0.0,1.0,0.0,1.0,INCONCLUSIVE
severe,full_stack,no_predictive,stress_critical_load_restored_pct,30,100.0,100.0,100.0,100.0,0.0,0.0,0.0,1.0,0.0,1.0,0.0,1.0,INCONCLUSIVE
severe,full_stack,no_predictive,saidi,30,0.0,0.0,0.0,0.0,0.0,0.0,0.0,1.0,0.0,1.0,0.0,1.0,INCONCLUSIVE
severe,full_stack,no_predictive,saifi,30,0.16326530612244897,0.16326530612244897,0.16326530612244897,0.16326530612244897,0.0,0.0,0.0,1.0,0.0,1.0,0.0,1.0,INCONCLUSIVE
severe,full_stack,no_predictive,voltage_violation_count,30,7439.0,7439.0,7448.833333333333,7448.833333333333,0.0,0.0,0.0,1.0,0.0,1.0,0.0,1.0,INCONCLUSIVE
severe,full_stack,no_predictive,line_overload_count,30,19.0,19.0,19.466666666666665,19.466666666666665,0.0,0.0,0.0,1.0,0.0,1.0,0.0,1.0,INCONCLUSIVE
severe,full_stack,no_predictive,number_of_islands,30,1.0,1.0,1.0,1.0,0.0,0.0,0.0,1.0,0.0,1.0,0.0,1.0,INCONCLUSIVE
severe,full_stack,no_predictive,resilience_loss_area,30,172.5,172.5,172.65508376277256,172.65508376277256,0.0,0.0,0.0,1.0,0.0,1.0,0.0,1.0,INCONCLUSIVE
severe,full_stack,no_predictive,resilience_time_to_90pct_restoration,30,0.0,0.0,0.0,0.0,0.0,0.0,0.0,1.0,0.0,1.0,0.0,1.0,INCONCLUSIVE
severe,full_stack,no_predictive,stress_critical_load_interrupted_mw,30,2.5,2.5,2.4514174032230516,2.4514174032230516,0.0,0.0,0.0,1.0,0.0,1.0,0.0,1.0,INCONCLUSIVE
severe,full_stack,no_predictive,stress_critical_load_restored_mw,30,-2.5,-2.5,-2.4514174032230516,-2.4514174032230516,0.0,-0.0,0.0,1.0,0.0,1.0,0.0,1.0,INCONCLUSIVE
severe,full_stack,no_predictive,stress_cum_feasible_restoration_mw,30,0.0,0.0,0.0,0.0,0.0,0.0,0.0,1.0,0.0,1.0,0.0,1.0,INCONCLUSIVE
severe,full_stack,no_predictive,stress_cum_unserved_restoration_mw,30,0.0,0.0,0.0,0.0,0.0,0.0,0.0,1.0,0.0,1.0,0.0,1.0,INCONCLUSIVE
severe,full_stack,no_predictive,stress_restoration_rate,30,0.0,0.0,0.0,0.0,0.0,0.0,0.0,1.0,0.0,1.0,0.0,1.0,INCONCLUSIVE
severe,full_stack,no_predictive,ens,30,80.0,80.0,80.0,80.0,0.0,0.0,0.0,1.0,0.0,1.0,0.0,1.0,INCONCLUSIVE
severe,full_stack,no_predictive,restoration_time_seconds,30,0.0,0.0,0.0,0.0,0.0,0.0,0.0,1.0,0.0,1.0,0.0,1.0,INCONCLUSIVE
severe,full_stack,no_predictive,critical_load_restored_pct,30,0.0,0.0,0.0,0.0,0.0,0.0,0.0,1.0,0.0,1.0,0.0,1.0,INCONCLUSIVE
severe,full_stack,no_predictive,switching_operations,30,0.0,0.0,0.0,0.0,0.0,0.0,0.0,1.0,0.0,1.0,0.0,1.0,INCONCLUSIVE
severe,full_stack,no_predictive,frequency_deviation_count,30,9800.0,9800.0,9795.1,9795.1,0.0,0.0,0.0,1.0,0.0,1.0,0.0,1.0,INCONCLUSIVE
severe,full_stack,no_predictive,actions_taken,30,200.0,200.0,200.0,200.0,0.0,0.0,0.0,1.0,0.0,1.0,0.0,1.0,INCONCLUSIVE
severe,full_stack,no_predictive,runtime_s,30,0.7642,0.6477999999999999,0.76007,0.64921,0.11640000000000006,17.968508799012053,0.0,1.6499006192383092e-06,14.984696751681946,0.0,0.9977777777777778,0.0006335618377875107,SUPPORTED
severe,full_stack,no_predictive,controller_runtime_s,30,0.11875,0.118,0.11866,0.11805,0.0007500000000000007,0.6355932203389837,216.5,0.7343254308572917,0.37493092332805317,0.717523049069734,0.035555555555555556,1.0,INCONCLUSIVE
severe,full_stack,no_predictive,power_flow_runtime_s,30,0.19045,0.194,0.19035333333333335,0.19277666666666668,-0.0035499999999999976,-1.8298969072164935,178.0,0.2579463378254645,-0.8008509842897754,0.4396748687320535,-0.12333333333333334,1.0,INCONCLUSIVE
severe,full_stack,no_reward,stress_cumulative_unserved_energy,30,8364.414539892787,8364.414539892787,8385.047580682673,8385.047580682673,0.0,0.0,0.0,1.0,0.0,1.0,0.0,1.0,INCONCLUSIVE
severe,full_stack,no_reward,resilience_time_to_50pct_restoration,30,0.0,0.0,0.0,0.0,0.0,0.0,0.0,1.0,0.0,1.0,0.0,1.0,INCONCLUSIVE
severe,full_stack,no_reward,stress_critical_load_restored_pct,30,100.0,100.0,100.0,100.0,0.0,0.0,0.0,1.0,0.0,1.0,0.0,1.0,INCONCLUSIVE
severe,full_stack,no_reward,saidi,30,0.0,0.0,0.0,0.0,0.0,0.0,0.0,1.0,0.0,1.0,0.0,1.0,INCONCLUSIVE
severe,full_stack,no_reward,saifi,30,0.16326530612244897,0.16326530612244897,0.16326530612244897,0.16326530612244897,0.0,0.0,0.0,1.0,0.0,1.0,0.0,1.0,INCONCLUSIVE
severe,full_stack,no_reward,voltage_violation_count,30,7439.0,7439.0,7448.833333333333,7448.833333333333,0.0,0.0,0.0,1.0,0.0,1.0,0.0,1.0,INCONCLUSIVE
severe,full_stack,no_reward,line_overload_count,30,19.0,19.0,19.466666666666665,19.466666666666665,0.0,0.0,0.0,1.0,0.0,1.0,0.0,1.0,INCONCLUSIVE
severe,full_stack,no_reward,number_of_islands,30,1.0,1.0,1.0,1.0,0.0,0.0,0.0,1.0,0.0,1.0,0.0,1.0,INCONCLUSIVE
severe,full_stack,no_reward,resilience_loss_area,30,172.5,172.5,172.65508376277256,172.65508376277256,0.0,0.0,0.0,1.0,0.0,1.0,0.0,1.0,INCONCLUSIVE
severe,full_stack,no_reward,resilience_time_to_90pct_restoration,30,0.0,0.0,0.0,0.0,0.0,0.0,0.0,1.0,0.0,1.0,0.0,1.0,INCONCLUSIVE
severe,full_stack,no_reward,stress_critical_load_interrupted_mw,30,2.5,2.5,2.4514174032230516,2.4514174032230516,0.0,0.0,0.0,1.0,0.0,1.0,0.0,1.0,INCONCLUSIVE
severe,full_stack,no_reward,stress_critical_load_restored_mw,30,-2.5,-2.5,-2.4514174032230516,-2.4514174032230516,0.0,-0.0,0.0,1.0,0.0,1.0,0.0,1.0,INCONCLUSIVE
severe,full_stack,no_reward,stress_cum_feasible_restoration_mw,30,0.0,0.0,0.0,0.0,0.0,0.0,0.0,1.0,0.0,1.0,0.0,1.0,INCONCLUSIVE
severe,full_stack,no_reward,stress_cum_unserved_restoration_mw,30,0.0,0.0,0.0,0.0,0.0,0.0,0.0,1.0,0.0,1.0,0.0,1.0,INCONCLUSIVE
severe,full_stack,no_reward,stress_restoration_rate,30,0.0,0.0,0.0,0.0,0.0,0.0,0.0,1.0,0.0,1.0,0.0,1.0,INCONCLUSIVE
severe,full_stack,no_reward,ens,30,80.0,80.0,80.0,80.0,0.0,0.0,0.0,1.0,0.0,1.0,0.0,1.0,INCONCLUSIVE
severe,full_stack,no_reward,restoration_time_seconds,30,0.0,0.0,0.0,0.0,0.0,0.0,0.0,1.0,0.0,1.0,0.0,1.0,INCONCLUSIVE
severe,full_stack,no_reward,critical_load_restored_pct,30,0.0,0.0,0.0,0.0,0.0,0.0,0.0,1.0,0.0,1.0,0.0,1.0,INCONCLUSIVE
severe,full_stack,no_reward,switching_operations,30,0.0,0.0,0.0,0.0,0.0,0.0,0.0,1.0,0.0,1.0,0.0,1.0,INCONCLUSIVE
severe,full_stack,no_reward,frequency_deviation_count,30,9800.0,9800.0,9795.1,9795.1,0.0,0.0,0.0,1.0,0.0,1.0,0.0,1.0,INCONCLUSIVE
severe,full_stack,no_reward,actions_taken,30,200.0,200.0,200.0,200.0,0.0,0.0,0.0,1.0,0.0,1.0,0.0,1.0,INCONCLUSIVE
severe,full_stack,no_reward,runtime_s,30,0.7642,0.76605,0.76007,0.7680133333333333,-0.0018500000000000183,-0.2414985966973459,185.0,0.3235052570337784,-1.2427662315972015,0.230471022302408,-0.1988888888888889,1.0,INCONCLUSIVE
severe,full_stack,no_reward,controller_runtime_s,30,0.11875,0.11979999999999999,0.11866,0.12049666666666667,-0.0010499999999999954,-0.8764607679465738,221.0,0.805047591189266,-0.8924324819140201,0.38917778852181173,-0.12666666666666668,1.0,INCONCLUSIVE
severe,full_stack,no_reward,power_flow_runtime_s,30,0.19045,0.19715,0.19035333333333335,0.19510666666666668,-0.006699999999999984,-3.3984275932031367,148.0,0.13012125830363153,-1.7431986684947938,0.09256595174975613,-0.2544444444444444,1.0,INCONCLUSIVE
